Race,Sex,Age,Weight,Height,Alignment,Stats,Tier lvl.,Tier,Death
Dwarf: ,Male,83,142,50,Chaotic Evil,"[ 05, 12, 09, 07, 07, 10 ]",8.33,Commoner,364
Dwarf: ,Male,62,148,44,Chaotic Neutral,"[ 07, 14, 10, 11, 05, 08 ]",9.17,Commoner,311
Dwarf: ,Male,65,146,44,Lawful Neutral,"[ 07, 10, 13, 08, 12, 08 ]",9.67,Commoner,296
Dwarf: ,Female,69,129,46,Chaotic Good,"[ 11, 09, 08, 11, 08, 04 ]",8.5,Commoner,342
Dwarf: ,Female,71,133,45,True Neutral,"[ 06, 11, 10, 07, 05, 07 ]",7.67,Commoner,359
Dwarf: ,Male,66,158,46,Neutral Evil,"[ 09, 07, 05, 08, 06, 04 ]",6.5,Commoner,346
Dwarf: ,Male,61,155,52,True Neutral,"[ 10, 10, 09, 07, 07, 05 ]",8.0,Commoner,332
Dwarf: ,Female,78,125,47,Lawful Neutral,"[ 11, 04, 12, 13, 14, 15 ]",11.5,Elite,341
Dwarf: ,Female,74,143,42,Chaotic Neutral,"[ 10, 12, 05, 07, 06, 10 ]",8.33,Commoner,342
Dwarf: ,Female,55,133,45,Lawful Good,"[ 09, 06, 11, 05, 10, 09 ]",8.33,Commoner,353
Dwarf: ,Female,59,132,46,Chaotic Neutral,"[ 09, 05, 10, 10, 08, 10 ]",8.67,Commoner,351
Dwarf: ,Female,60,126,42,True Neutral,"[ 12, 12, 05, 07, 11, 03 ]",8.33,Commoner,322
Dwarf: ,Male,57,158,52,Chaotic Neutral,"[ 10, 11, 10, 04, 10, 07 ]",8.67,Commoner,309
Dwarf: ,Male,67,146,53,Chaotic Good,"[ 05, 04, 04, 06, 12, 07 ]",6.33,Commoner,348
Dwarf: ,Male,73,144,50,Chaotic Good,"[ 11, 10, 14, 09, 06, 08 ]",9.67,Commoner,306
Dwarf: ,Male,60,152,45,Chaotic Evil,"[ 08, 10, 11, 09, 05, 10 ]",8.83,Commoner,288
Elf: ,Male,122,105,59,Lawful Good,"[ 16, 17, 06, 13, 09, 14 ]",12.5,Elite,518
Dwarf: ,Male,65,141,44,Chaotic Evil,"[ 04, 09, 08, 05, 12, 04 ]",7.0,Commoner,381
Dwarf: ,Male,77,162,46,Chaotic Evil,"[ 05, 07, 08, 10, 08, 08 ]",7.67,Commoner,395
Dwarf: ,Female,74,128,48,Chaotic Evil,"[ 10, 09, 12, 07, 12, 11 ]",10.17,Commoner,445
Dwarf: ,Female,77,125,47,Lawful Good,"[ 12, 11, 08, 09, 04, 08 ]",8.67,Commoner,307
Dwarf: ,Female,69,123,49,Lawful Neutral,"[ 14, 07, 11, 05, 10, 14 ]",10.17,Commoner,316
Dwarf: ,Female,59,115,42,Chaotic Evil,"[ 07, 16, 15, 12, 07, 12 ]",11.5,Elite,344
Dwarf: ,Male,75,154,45,True Neutral,"[ 06, 12, 07, 10, 05, 07 ]",7.83,Commoner,407
Dwarf: ,Female,83,121,48,Chaotic Evil,"[ 08, 07, 11, 07, 08, 11 ]",8.67,Commoner,334
Dwarf: ,Female,77,123,44,Lawful Neutral,"[ 11, 07, 11, 09, 11, 15 ]",10.67,Commoner,364
Dwarf: ,Male,70,151,45,Lawful Evil,"[ 11, 06, 10, 03, 12, 10 ]",8.67,Commoner,268
Dwarf: ,Male,62,159,53,Lawful Neutral,"[ 07, 08, 11, 08, 09, 13 ]",9.33,Commoner,353
Dwarf: ,Male,64,156,47,Lawful Good,"[ 08, 18, 15, 08, 08, 08 ]",10.83,Commoner,374
Dwarf: ,Male,67,155,48,Chaotic Neutral,"[ 10, 10, 10, 10, 11, 05 ]",9.33,Commoner,356
Dwarf: ,Female,71,133,45,Chaotic Good,"[ 10, 10, 03, 10, 06, 10 ]",8.17,Commoner,298
Dwarf: ,Female,71,131,45,Chaotic Neutral,"[ 06, 11, 09, 10, 12, 10 ]",9.67,Commoner,429
Half-Elf: ,Female,20,101,63,Lawful Neutral,"[ 15, 10, 10, 15, 07, 15 ]",12.0,Elite,153
Dwarf: ,Female,73,130,44,Lawful Good,"[ 04, 07, 13, 09, 06, 05 ]",7.33,Commoner,408
Dwarf: ,Female,60,124,47,Lawful Evil,"[ 09, 11, 06, 11, 11, 05 ]",8.83,Commoner,275
Dwarf: ,Female,56,128,48,Lawful Neutral,"[ 09, 12, 04, 09, 12, 12 ]",9.67,Commoner,425
Dwarf: ,Female,69,132,49,Chaotic Neutral,"[ 08, 10, 10, 10, 12, 09 ]",9.83,Commoner,353
Dwarf: ,Female,75,119,51,Chaotic Evil,"[ 03, 11, 17, 06, 11, 12 ]",10.0,Commoner,429
Dwarf: ,Female,68,137,51,Lawful Good,"[ 06, 08, 13, 07, 09, 08 ]",8.5,Commoner,325
Dwarf: ,Female,67,124,51,Lawful Neutral,"[ 09, 07, 08, 07, 06, 07 ]",7.33,Commoner,371
Dwarf: ,Male,69,161,48,Chaotic Good,"[ 10, 08, 13, 08, 04, 07 ]",8.33,Commoner,443
Dwarf: ,Female,57,128,47,Lawful Good,"[ 07, 09, 09, 08, 08, 12 ]",8.83,Commoner,371
Dwarf: ,Female,63,131,44,Chaotic Evil,"[ 12, 14, 13, 04, 11, 09 ]",10.5,Commoner,330
Dwarf: ,Male,67,153,46,Lawful Neutral,"[ 10, 08, 07, 11, 06, 07 ]",8.17,Commoner,300
Dwarf: ,Male,74,155,47,Chaotic Evil,"[ 09, 07, 06, 12, 13, 05 ]",8.67,Commoner,345
Gnome: ,Female,75,80,38,Chaotic Good,"[ 12, 11, 10, 15, 12, 18 ]",13.0,Adventurer,368
Dwarf: ,Female,58,127,46,Neutral Good,"[ 12, 09, 12, 15, 06, 09 ]",10.5,Commoner,292
Dwarf: ,Male,65,148,48,True Neutral,"[ 06, 09, 10, 11, 07, 07 ]",8.33,Commoner,410
Dwarf: ,Female,73,114,47,Neutral Evil,"[ 09, 08, 11, 10, 10, 10 ]",9.67,Commoner,427
Dwarf: ,Male,71,152,45,Neutral Evil,"[ 06, 10, 04, 07, 08, 07 ]",7.0,Commoner,339
Dwarf: ,Male,71,156,53,Chaotic Evil,"[ 10, 06, 11, 09, 10, 05 ]",8.5,Commoner,377
Dwarf: ,Male,72,154,45,Neutral Evil,"[ 06, 06, 09, 10, 09, 08 ]",8.0,Commoner,380
Dwarf: ,Female,63,119,50,Chaotic Good,"[ 06, 12, 08, 11, 11, 09 ]",9.5,Commoner,361
Gnome: ,Female,87,75,39,Chaotic Evil,"[ 10, 14, 09, 11, 13, 13 ]",11.67,Elite,310
Dwarf: ,Male,68,147,44,Chaotic Good,"[ 13, 12, 09, 06, 10, 12 ]",10.33,Commoner,366
Dwarf: ,Female,67,125,48,Neutral Evil,"[ 08, 05, 09, 05, 10, 08 ]",7.5,Commoner,345
Dwarf: ,Female,74,121,46,Neutral Evil,"[ 09, 05, 11, 08, 13, 09 ]",9.17,Commoner,342
Dwarf: ,Female,72,115,43,Chaotic Neutral,"[ 11, 06, 08, 08, 10, 06 ]",8.17,Commoner,399
Dwarf: ,Female,72,119,46,True Neutral,"[ 09, 09, 07, 08, 05, 06 ]",7.33,Commoner,387
Dwarf: ,Female,63,133,47,Chaotic Neutral,"[ 10, 12, 11, 08, 10, 08 ]",9.83,Commoner,355
Dwarf: ,Female,67,131,42,Chaotic Neutral,"[ 06, 09, 14, 09, 08, 10 ]",9.33,Commoner,397
Elf: ,Female,113,96,57,True Neutral,"[ 08, 18, 18, 08, 12, 08 ]",12.0,Elite,456
Dwarf: ,Male,66,150,50,Neutral Evil,"[ 09, 08, 09, 16, 13, 09 ]",10.67,Commoner,324
Dwarf: ,Female,66,133,43,Lawful Good,"[ 08, 09, 08, 11, 12, 06 ]",9.0,Commoner,417
Human: ,Male,17,179,68,Lawful Good,"[ 10, 15, 12, 13, 15, 08 ]",12.17,Elite,122
Dwarf: ,Female,75,122,42,Lawful Evil,"[ 09, 10, 13, 11, 13, 09 ]",10.83,Commoner,299
Dwarf: ,Male,69,151,47,Chaotic Neutral,"[ 13, 06, 08, 09, 10, 08 ]",9.0,Commoner,325
Dwarf: ,Female,73,133,44,Chaotic Neutral,"[ 07, 08, 07, 05, 10, 11 ]",8.0,Commoner,380
Dwarf: ,Male,61,139,44,Lawful Neutral,"[ 07, 07, 09, 12, 11, 07 ]",8.83,Commoner,330
Dwarf: ,Male,76,150,44,True Neutral,"[ 09, 09, 10, 05, 08, 13 ]",9.0,Commoner,389
Dwarf: ,Female,66,123,49,Lawful Evil,"[ 12, 13, 07, 11, 14, 11 ]",11.33,Elite,339
Halfling: ,Female,27,60,41,Lawful Evil,"[ 07, 14, 14, 14, 13, 11 ]",12.17,Elite,180
Dwarf: ,Male,64,148,47,True Neutral,"[ 06, 08, 09, 12, 09, 08 ]",8.67,Commoner,414
Dwarf: ,Male,73,151,49,Neutral Evil,"[ 14, 07, 06, 10, 05, 12 ]",9.0,Commoner,389
Dwarf: ,Male,68,154,46,Chaotic Evil,"[ 05, 08, 12, 12, 10, 14 ]",10.17,Commoner,364
Dwarf: ,Female,83,125,47,Lawful Good,"[ 12, 09, 10, 06, 09, 07 ]",8.83,Commoner,351
Dwarf: ,Female,66,128,46,Neutral Evil,"[ 08, 13, 11, 06, 08, 06 ]",8.67,Commoner,268
Dwarf: ,Male,70,147,49,Lawful Evil,"[ 12, 03, 10, 05, 08, 09 ]",7.83,Commoner,387
Dwarf: ,Male,59,145,51,Neutral Evil,"[ 07, 12, 11, 08, 09, 11 ]",9.67,Commoner,397
Dwarf: ,Male,71,147,49,Lawful Evil,"[ 18, 09, 10, 15, 09, 08 ]",11.5,Elite,268
Dwarf: ,Male,65,150,50,Neutral Good,"[ 09, 11, 07, 11, 08, 11 ]",9.5,Commoner,351
Dwarf: ,Female,74,123,51,Chaotic Neutral,"[ 09, 04, 07, 05, 09, 09 ]",7.17,Commoner,387
Dwarf: ,Male,69,149,50,Chaotic Neutral,"[ 14, 13, 09, 09, 12, 11 ]",11.33,Elite,266
Dwarf: ,Male,72,141,47,Neutral Good,"[ 09, 12, 15, 10, 18, 17 ]",13.5,Adventurer,365
Dwarf: ,Female,70,133,42,Lawful Neutral,"[ 10, 07, 10, 13, 14, 09 ]",10.5,Commoner,305
Dwarf: ,Male,68,147,51,Chaotic Good,"[ 07, 10, 11, 06, 10, 08 ]",8.67,Commoner,315
Dwarf: ,Male,74,148,46,Neutral Good,"[ 11, 13, 04, 07, 11, 07 ]",8.83,Commoner,332
Dwarf: ,Female,62,123,50,Neutral Evil,"[ 08, 07, 12, 10, 10, 07 ]",9.0,Commoner,351
Dwarf: ,Male,55,152,53,Chaotic Good,"[ 08, 07, 13, 05, 05, 11 ]",8.17,Commoner,311
Dwarf: ,Male,62,149,48,Neutral Good,"[ 09, 11, 09, 08, 09, 06 ]",8.67,Commoner,313
Dwarf: ,Male,65,150,48,Lawful Evil,"[ 06, 09, 09, 08, 07, 07 ]",7.67,Commoner,370
Dwarf: ,Female,75,123,49,Neutral Good,"[ 11, 07, 09, 10, 08, 08 ]",8.83,Commoner,322
Dwarf: ,Male,67,156,44,Neutral Evil,"[ 13, 09, 10, 08, 08, 08 ]",9.33,Commoner,347
Dwarf: ,Male,67,146,50,True Neutral,"[ 05, 13, 09, 13, 07, 06 ]",8.83,Commoner,383
Dwarf: ,Female,63,130,43,Neutral Evil,"[ 08, 11, 09, 12, 15, 09 ]",10.67,Commoner,423
Dwarf: ,Male,67,147,48,Chaotic Neutral,"[ 06, 11, 10, 07, 08, 13 ]",9.17,Commoner,390
Dwarf: ,Female,66,125,49,Chaotic Neutral,"[ 08, 05, 13, 13, 07, 08 ]",9.0,Commoner,380
Dwarf: ,Female,67,125,49,Neutral Evil,"[ 12, 08, 05, 12, 09, 07 ]",8.83,Commoner,346
Dwarf: ,Male,72,152,44,Chaotic Good,"[ 12, 03, 12, 10, 09, 08 ]",9.0,Commoner,332
Dwarf: ,Male,59,150,47,Neutral Good,"[ 08, 11, 08, 11, 10, 13 ]",10.17,Commoner,403
Dwarf: ,Female,69,119,44,Lawful Good,"[ 04, 07, 10, 08, 10, 12 ]",8.5,Commoner,260
Dwarf: ,Female,71,120,46,Chaotic Good,"[ 09, 10, 08, 04, 06, 09 ]",7.67,Commoner,305
Dwarf: ,Male,62,152,44,Neutral Good,"[ 08, 15, 08, 16, 09, 04 ]",10.0,Commoner,343
Dwarf: ,Female,74,123,51,Chaotic Good,"[ 11, 07, 15, 08, 10, 10 ]",10.17,Commoner,427
Dwarf: ,Male,67,149,44,True Neutral,"[ 14, 08, 05, 08, 08, 13 ]",9.33,Commoner,351
Dwarf: ,Male,55,150,46,Neutral Evil,"[ 11, 16, 13, 08, 08, 09 ]",10.83,Commoner,370
Dwarf: ,Male,74,152,45,Lawful Good,"[ 11, 05, 08, 14, 17, 11 ]",11.0,Commoner,345
Dwarf: ,Male,74,154,46,Neutral Good,"[ 12, 07, 11, 08, 11, 15 ]",10.67,Commoner,308
Dwarf: ,Female,55,128,43,Lawful Good,"[ 13, 11, 06, 10, 06, 09 ]",9.17,Commoner,352
Elf: ,Female,109,87,56,True Neutral,"[ 09, 08, 14, 14, 15, 14 ]",12.33,Elite,450
Dwarf: ,Male,55,149,50,Lawful Good,"[ 11, 06, 05, 05, 08, 11 ]",7.67,Commoner,339
Dwarf: ,Female,75,122,43,True Neutral,"[ 10, 08, 08, 11, 09, 10 ]",9.33,Commoner,385
Dwarf: ,Female,64,137,48,Lawful Neutral,"[ 08, 10, 07, 06, 09, 08 ]",8.0,Commoner,351
Dwarf: ,Female,75,127,43,Neutral Good,"[ 08, 10, 10, 11, 13, 04 ]",9.33,Commoner,285
Dwarf: ,Female,63,118,47,Neutral Good,"[ 06, 06, 06, 09, 05, 05 ]",6.17,Commoner,437
Dwarf: ,Female,61,128,43,Lawful Evil,"[ 11, 10, 12, 14, 06, 03 ]",9.33,Commoner,361
Dwarf: ,Male,79,138,53,Lawful Neutral,"[ 08, 05, 09, 09, 12, 08 ]",8.5,Commoner,373
Dwarf: ,Female,69,131,49,Lawful Neutral,"[ 08, 10, 10, 08, 14, 12 ]",10.33,Commoner,338
Dwarf: ,Female,81,121,42,Chaotic Neutral,"[ 06, 09, 08, 13, 09, 10 ]",9.17,Commoner,397
Dwarf: ,Female,76,122,50,Lawful Neutral,"[ 09, 14, 09, 07, 11, 07 ]",9.5,Commoner,318
Dwarf: ,Male,62,153,51,Neutral Good,"[ 09, 08, 08, 11, 13, 09 ]",9.67,Commoner,395
Dwarf: ,Male,66,141,46,Lawful Good,"[ 11, 07, 11, 08, 11, 07 ]",9.17,Commoner,344
Dwarf: ,Male,68,148,51,Chaotic Evil,"[ 11, 10, 09, 10, 07, 12 ]",9.83,Commoner,387
Dwarf: ,Male,65,153,44,Lawful Evil,"[ 14, 10, 12, 10, 06, 12 ]",10.67,Commoner,284
Dwarf: ,Male,65,152,44,Lawful Evil,"[ 08, 11, 06, 10, 09, 08 ]",8.67,Commoner,323
Dwarf: ,Female,76,121,42,Neutral Good,"[ 09, 11, 08, 11, 09, 09 ]",9.5,Commoner,373
Dwarf: ,Female,64,129,51,True Neutral,"[ 13, 14, 07, 08, 04, 09 ]",9.17,Commoner,352
Dwarf: ,Male,70,158,51,Neutral Good,"[ 07, 09, 07, 08, 07, 10 ]",8.0,Commoner,311
Dwarf: ,Female,68,123,46,Chaotic Evil,"[ 13, 08, 10, 09, 05, 08 ]",8.83,Commoner,365
Dwarf: ,Male,78,144,53,Chaotic Good,"[ 07, 11, 10, 10, 08, 09 ]",9.17,Commoner,352
Dwarf: ,Female,61,123,46,Neutral Evil,"[ 10, 04, 09, 11, 07, 09 ]",8.33,Commoner,359
Dwarf: ,Female,69,132,47,Lawful Good,"[ 14, 09, 08, 13, 07, 10 ]",10.17,Commoner,354
Dwarf: ,Male,77,150,48,True Neutral,"[ 14, 10, 06, 05, 04, 13 ]",8.67,Commoner,294
Dwarf: ,Male,73,147,50,Chaotic Neutral,"[ 14, 07, 07, 07, 06, 13 ]",9.0,Commoner,373
Dwarf: ,Male,63,154,51,True Neutral,"[ 08, 08, 10, 12, 05, 04 ]",7.83,Commoner,373
Dwarf: ,Female,67,121,50,Neutral Good,"[ 09, 09, 05, 13, 07, 12 ]",9.17,Commoner,283
Dwarf: ,Female,72,130,42,Neutral Evil,"[ 04, 10, 07, 07, 11, 07 ]",7.67,Commoner,315
Dwarf: ,Male,69,141,48,Chaotic Evil,"[ 10, 13, 09, 14, 10, 09 ]",10.83,Commoner,331
Dwarf: ,Male,69,159,52,Lawful Evil,"[ 06, 10, 13, 09, 11, 10 ]",9.83,Commoner,307
Dwarf: ,Male,56,152,51,Chaotic Evil,"[ 12, 14, 09, 09, 09, 07 ]",10.0,Commoner,332
Gnome: ,Male,65,84,43,Lawful Neutral,"[ 08, 12, 15, 16, 14, 13 ]",13.0,Adventurer,404
Dwarf: ,Female,73,132,43,True Neutral,"[ 10, 05, 11, 06, 11, 07 ]",8.33,Commoner,367
Dwarf: ,Female,63,130,48,Lawful Good,"[ 06, 11, 11, 11, 07, 10 ]",9.33,Commoner,435
Dwarf: ,Female,60,122,45,Chaotic Good,"[ 14, 07, 11, 09, 09, 10 ]",10.0,Commoner,380
Dwarf: ,Male,78,154,51,Chaotic Evil,"[ 14, 11, 06, 07, 07, 06 ]",8.5,Commoner,377
Dwarf: ,Female,59,116,46,Lawful Neutral,"[ 10, 05, 08, 11, 09, 14 ]",9.5,Commoner,320
Dwarf: ,Male,69,155,51,Neutral Evil,"[ 08, 09, 12, 13, 06, 06 ]",9.0,Commoner,343
Dwarf: ,Male,60,151,48,Chaotic Evil,"[ 08, 09, 06, 09, 08, 10 ]",8.33,Commoner,350
Dwarf: ,Female,56,124,48,Lawful Evil,"[ 08, 09, 06, 14, 05, 13 ]",9.17,Commoner,311
Dwarf: ,Female,73,127,44,Neutral Good,"[ 04, 04, 13, 09, 09, 07 ]",7.67,Commoner,380
Dwarf: ,Female,69,124,50,Neutral Evil,"[ 11, 09, 07, 15, 06, 06 ]",9.0,Commoner,415
Dwarf: ,Male,60,153,53,Lawful Evil,"[ 15, 08, 06, 12, 11, 07 ]",9.83,Commoner,367
Dwarf: ,Male,73,152,47,True Neutral,"[ 12, 10, 08, 09, 07, 08 ]",9.0,Commoner,400
Dwarf: ,Female,70,132,48,Neutral Good,"[ 04, 04, 07, 07, 07, 08 ]",6.17,Commoner,377
Half-Elf: ,Male,20,129,70,Neutral Good,"[ 16, 10, 16, 11, 11, 16 ]",13.33,Adventurer,159
Dwarf: ,Female,69,119,42,True Neutral,"[ 12, 08, 08, 07, 09, 10 ]",9.0,Commoner,325
Dwarf: ,Female,68,126,49,Lawful Evil,"[ 09, 09, 08, 08, 11, 08 ]",8.83,Commoner,387
Dwarf: ,Male,76,156,51,Lawful Neutral,"[ 08, 09, 11, 09, 18, 10 ]",10.83,Commoner,434
Dwarf: ,Male,73,158,52,True Neutral,"[ 07, 08, 08, 12, 09, 06 ]",8.33,Commoner,273
Dwarf: ,Male,74,156,53,Chaotic Evil,"[ 11, 14, 09, 10, 11, 12 ]",11.17,Commoner,422
Dwarf: ,Male,64,153,44,Chaotic Good,"[ 08, 12, 15, 08, 11, 09 ]",10.5,Commoner,349
Dwarf: ,Female,71,125,48,Chaotic Good,"[ 11, 07, 11, 06, 09, 07 ]",8.5,Commoner,369
Dwarf: ,Male,71,146,49,True Neutral,"[ 12, 15, 12, 14, 07, 08 ]",11.33,Elite,388
Dwarf: ,Male,63,148,46,Neutral Good,"[ 08, 10, 09, 04, 10, 12 ]",8.83,Commoner,287
Dwarf: ,Male,69,155,52,True Neutral,"[ 08, 11, 08, 09, 07, 05 ]",8.0,Commoner,399
Dwarf: ,Male,72,141,46,Lawful Neutral,"[ 10, 14, 06, 10, 06, 09 ]",9.17,Commoner,360
Human: ,Female,16,133,69,Lawful Neutral,"[ 10, 12, 17, 12, 07, 16 ]",12.33,Elite,119
Dwarf: ,Female,77,131,46,Neutral Evil,"[ 09, 13, 11, 09, 09, 08 ]",9.83,Commoner,267
Dwarf: ,Male,76,163,48,True Neutral,"[ 06, 13, 08, 06, 09, 14 ]",9.33,Commoner,298
Dwarf: ,Male,77,150,47,True Neutral,"[ 08, 12, 07, 08, 10, 12 ]",9.5,Commoner,283
Dwarf: ,Female,75,127,47,Chaotic Evil,"[ 12, 11, 07, 09, 07, 14 ]",10.0,Commoner,391
Dwarf: ,Male,73,147,49,Lawful Good,"[ 10, 11, 09, 07, 10, 05 ]",8.67,Commoner,308
Dwarf: ,Female,63,116,50,True Neutral,"[ 10, 11, 05, 11, 09, 09 ]",9.17,Commoner,293
Dwarf: ,Female,67,124,45,Lawful Good,"[ 05, 10, 11, 08, 09, 15 ]",9.67,Commoner,362
Dwarf: ,Female,66,125,44,Lawful Good,"[ 09, 04, 09, 13, 05, 05 ]",7.5,Commoner,305
Dwarf: ,Male,66,160,49,Neutral Good,"[ 12, 12, 11, 06, 15, 10 ]",11.0,Commoner,355
Dwarf: ,Male,70,153,53,Chaotic Neutral,"[ 10, 05, 11, 07, 07, 03 ]",7.17,Commoner,313
Dwarf: ,Female,59,125,49,Chaotic Good,"[ 07, 06, 10, 15, 07, 10 ]",9.17,Commoner,373
Dwarf: ,Female,68,125,50,Neutral Evil,"[ 10, 13, 11, 09, 14, 11 ]",11.33,Elite,427
Dwarf: ,Female,58,134,51,Chaotic Good,"[ 09, 11, 13, 14, 10, 09 ]",11.0,Commoner,276
Dwarf: ,Female,69,117,42,Chaotic Good,"[ 07, 06, 08, 08, 05, 05 ]",6.5,Commoner,344
Dwarf: ,Male,59,156,46,True Neutral,"[ 08, 03, 06, 09, 03, 11 ]",6.67,Commoner,425
Dwarf: ,Male,69,159,53,True Neutral,"[ 09, 06, 10, 09, 08, 12 ]",9.0,Commoner,265
Dwarf: ,Male,66,146,49,Lawful Good,"[ 09, 11, 12, 08, 17, 13 ]",11.67,Elite,367
Dwarf: ,Female,61,125,47,Lawful Evil,"[ 10, 08, 04, 03, 07, 14 ]",7.67,Commoner,333
Dwarf: ,Female,58,126,45,Chaotic Neutral,"[ 12, 06, 08, 13, 08, 15 ]",10.33,Commoner,351
Dwarf: ,Female,68,130,47,True Neutral,"[ 03, 12, 11, 18, 06, 03 ]",8.83,Commoner,394
Halfling: ,Female,32,66,43,Lawful Neutral,"[ 12, 13, 13, 10, 15, 11 ]",12.33,Elite,173
Dwarf: ,Female,76,132,51,Neutral Evil,"[ 08, 07, 11, 07, 10, 09 ]",8.67,Commoner,328
Dwarf: ,Male,71,151,49,Lawful Good,"[ 06, 09, 11, 05, 11, 07 ]",8.17,Commoner,277
Dwarf: ,Female,72,121,45,Lawful Good,"[ 10, 10, 12, 09, 14, 07 ]",10.33,Commoner,287
Dwarf: ,Female,82,134,50,Neutral Good,"[ 05, 16, 17, 18, 08, 12 ]",12.67,Elite,359
Dwarf: ,Male,75,147,44,Neutral Evil,"[ 16, 08, 11, 13, 11, 10 ]",11.5,Elite,373
Dwarf: ,Male,62,145,52,True Neutral,"[ 07, 09, 07, 10, 05, 06 ]",7.33,Commoner,447
Dwarf: ,Female,67,117,49,Chaotic Good,"[ 12, 06, 10, 14, 03, 08 ]",8.83,Commoner,355
Dwarf: ,Male,63,152,49,True Neutral,"[ 16, 07, 07, 11, 08, 14 ]",10.5,Commoner,265
Dwarf: ,Male,66,153,52,Neutral Evil,"[ 08, 10, 09, 07, 07, 09 ]",8.33,Commoner,354
Dwarf: ,Male,81,149,50,Chaotic Good,"[ 10, 09, 10, 14, 08, 07 ]",9.67,Commoner,347
Dwarf: ,Female,61,125,51,Lawful Good,"[ 07, 08, 10, 11, 08, 11 ]",9.17,Commoner,375
Dwarf: ,Female,61,130,51,Lawful Good,"[ 08, 04, 09, 07, 10, 06 ]",7.33,Commoner,407
Human: ,Male,16,164,71,Lawful Good,"[ 18, 11, 07, 15, 09, 13 ]",12.17,Elite,116
Dwarf: ,Male,81,152,50,Chaotic Good,"[ 06, 04, 10, 07, 10, 10 ]",7.83,Commoner,304
Dwarf: ,Male,72,153,51,Lawful Good,"[ 13, 12, 13, 09, 11, 09 ]",11.17,Commoner,379
Dwarf: ,Male,75,154,44,Lawful Neutral,"[ 07, 13, 09, 11, 08, 08 ]",9.33,Commoner,268
Dwarf: ,Female,61,134,43,Chaotic Neutral,"[ 15, 06, 07, 08, 13, 08 ]",9.5,Commoner,327
Dwarf: ,Female,70,128,50,True Neutral,"[ 04, 09, 10, 05, 11, 08 ]",7.83,Commoner,286
Dwarf: ,Male,52,151,48,Lawful Good,"[ 08, 08, 10, 06, 13, 10 ]",9.17,Commoner,378
Dwarf: ,Female,66,132,46,Lawful Neutral,"[ 05, 14, 10, 09, 05, 06 ]",8.17,Commoner,329
Human: ,Female,17,130,72,Chaotic Good,"[ 15, 08, 16, 12, 11, 14 ]",12.67,Elite,109
Dwarf: ,Female,63,126,48,Lawful Good,"[ 08, 18, 08, 18, 08, 08 ]",11.33,Elite,361
Dwarf: ,Male,59,153,48,Lawful Good,"[ 11, 10, 13, 12, 12, 10 ]",11.33,Elite,390
Dwarf: ,Male,72,148,49,Lawful Evil,"[ 07, 13, 11, 11, 06, 13 ]",10.17,Commoner,312
Dwarf: ,Female,60,121,48,Neutral Good,"[ 09, 06, 08, 10, 11, 11 ]",9.17,Commoner,394
Dwarf: ,Male,66,151,48,Lawful Neutral,"[ 13, 11, 11, 09, 07, 11 ]",10.33,Commoner,332
Human: ,Female,18,134,67,Neutral Evil,"[ 18, 09, 13, 16, 12, 15 ]",13.83,Adventurer,106
Dwarf: ,Male,59,150,52,Lawful Good,"[ 12, 10, 12, 06, 09, 10 ]",9.83,Commoner,291
Dwarf: ,Female,70,123,48,Lawful Good,"[ 11, 13, 08, 08, 06, 06 ]",8.67,Commoner,386
Dwarf: ,Male,66,151,51,Neutral Good,"[ 10, 09, 08, 14, 14, 04 ]",9.83,Commoner,383
Dwarf: ,Male,69,162,47,Chaotic Good,"[ 10, 08, 13, 06, 05, 10 ]",8.67,Commoner,396
Dwarf: ,Male,87,161,45,Lawful Good,"[ 09, 07, 08, 08, 14, 08 ]",9.0,Commoner,422
Dwarf: ,Male,70,154,51,Lawful Good,"[ 10, 09, 06, 10, 06, 08 ]",8.17,Commoner,378
Dwarf: ,Male,74,166,46,Lawful Good,"[ 09, 10, 09, 09, 06, 08 ]",8.5,Commoner,294
Dwarf: ,Female,60,129,42,Chaotic Neutral,"[ 07, 07, 08, 07, 07, 12 ]",8.0,Commoner,403
Dwarf: ,Male,72,143,45,Neutral Good,"[ 11, 11, 09, 07, 08, 06 ]",8.67,Commoner,333
Dwarf: ,Male,75,145,53,Lawful Neutral,"[ 13, 11, 08, 15, 07, 10 ]",10.67,Commoner,316
Dwarf: ,Male,72,148,50,Neutral Evil,"[ 13, 08, 14, 11, 10, 10 ]",11.0,Commoner,344
Dwarf: ,Male,62,163,46,Lawful Good,"[ 09, 10, 15, 09, 12, 07 ]",10.33,Commoner,320
Dwarf: ,Female,72,126,45,Lawful Evil,"[ 11, 06, 09, 09, 09, 10 ]",9.0,Commoner,309
Dwarf: ,Female,71,125,50,Lawful Evil,"[ 06, 06, 05, 09, 12, 06 ]",7.33,Commoner,421
Dwarf: ,Male,67,155,53,Neutral Good,"[ 05, 10, 09, 09, 12, 13 ]",9.67,Commoner,419
Dwarf: ,Male,70,157,49,Lawful Good,"[ 09, 08, 11, 04, 12, 08 ]",8.67,Commoner,360
Dwarf: ,Male,70,157,52,Neutral Evil,"[ 10, 10, 11, 08, 10, 06 ]",9.17,Commoner,297
Dwarf: ,Female,66,129,49,Lawful Neutral,"[ 11, 07, 07, 11, 08, 13 ]",9.5,Commoner,270
Dwarf: ,Female,60,123,44,Lawful Neutral,"[ 13, 14, 09, 12, 15, 05 ]",11.33,Elite,285
Dwarf: ,Male,60,147,47,Chaotic Neutral,"[ 04, 10, 08, 06, 11, 07 ]",7.67,Commoner,373
Dwarf: ,Female,68,124,48,Lawful Neutral,"[ 09, 09, 09, 08, 13, 10 ]",9.67,Commoner,282
Dwarf: ,Male,71,139,50,Lawful Evil,"[ 08, 12, 07, 10, 09, 11 ]",9.5,Commoner,413
Dwarf: ,Male,64,161,44,Lawful Evil,"[ 06, 06, 09, 06, 10, 08 ]",7.5,Commoner,326
Dwarf: ,Male,76,154,51,Chaotic Neutral,"[ 07, 13, 06, 07, 07, 08 ]",8.0,Commoner,385
Dwarf: ,Male,71,159,47,Neutral Good,"[ 13, 10, 10, 10, 10, 08 ]",10.17,Commoner,351
Dwarf: ,Female,60,129,42,True Neutral,"[ 08, 12, 10, 06, 09, 08 ]",8.83,Commoner,308
Dwarf: ,Male,64,147,51,Chaotic Neutral,"[ 09, 04, 06, 04, 10, 07 ]",6.67,Commoner,321
Dwarf: ,Female,69,128,42,Chaotic Neutral,"[ 06, 06, 13, 12, 07, 11 ]",9.17,Commoner,340
Dwarf: ,Male,69,151,49,Chaotic Neutral,"[ 08, 11, 12, 08, 07, 08 ]",9.0,Commoner,386
Dwarf: ,Male,63,151,51,Chaotic Neutral,"[ 10, 06, 12, 11, 11, 10 ]",10.0,Commoner,341
Dwarf: ,Male,61,153,47,Chaotic Good,"[ 10, 06, 07, 12, 09, 08 ]",8.67,Commoner,295
Dwarf: ,Male,69,149,47,Lawful Good,"[ 08, 06, 11, 10, 10, 09 ]",9.0,Commoner,318
Dwarf: ,Male,68,156,46,Chaotic Good,"[ 09, 11, 10, 11, 10, 09 ]",10.0,Commoner,303
Dwarf: ,Male,65,158,44,Chaotic Neutral,"[ 11, 08, 11, 11, 12, 10 ]",10.5,Commoner,364
Dwarf: ,Male,77,151,46,Neutral Evil,"[ 09, 10, 12, 10, 15, 09 ]",10.83,Commoner,287
Dwarf: ,Female,68,137,42,Lawful Good,"[ 13, 09, 08, 12, 09, 09 ]",10.0,Commoner,312
Dwarf: ,Male,61,149,49,Lawful Evil,"[ 07, 13, 05, 08, 08, 06 ]",7.83,Commoner,359
Dwarf: ,Male,65,154,49,Lawful Good,"[ 08, 08, 05, 08, 09, 04 ]",7.0,Commoner,313
Dwarf: ,Male,62,139,52,Chaotic Good,"[ 10, 15, 03, 16, 13, 10 ]",11.17,Commoner,332
Dwarf: ,Male,73,140,52,Lawful Good,"[ 07, 07, 12, 08, 09, 07 ]",8.33,Commoner,335
Dwarf: ,Female,59,137,45,Neutral Good,"[ 06, 10, 10, 13, 12, 10 ]",10.17,Commoner,338
Gnome: ,Male,69,82,41,Chaotic Neutral,"[ 11, 07, 09, 17, 13, 13 ]",11.67,Elite,400
Dwarf: ,Female,52,134,47,Chaotic Evil,"[ 06, 09, 07, 10, 08, 10 ]",8.33,Commoner,402
Dwarf: ,Male,77,149,52,Chaotic Neutral,"[ 05, 09, 08, 09, 11, 08 ]",8.33,Commoner,403
Dwarf: ,Male,68,152,50,Neutral Evil,"[ 10, 07, 13, 11, 09, 08 ]",9.67,Commoner,291
Dwarf: ,Female,63,118,45,Chaotic Evil,"[ 13, 08, 10, 07, 13, 15 ]",11.0,Commoner,289
Dwarf: ,Male,75,151,46,Lawful Evil,"[ 07, 11, 09, 08, 08, 07 ]",8.33,Commoner,378
Dwarf: ,Male,66,164,53,Lawful Neutral,"[ 11, 08, 05, 05, 08, 08 ]",7.5,Commoner,330
Dwarf: ,Male,60,153,53,Chaotic Good,"[ 11, 09, 13, 08, 09, 07 ]",9.5,Commoner,412
Dwarf: ,Male,70,147,48,Lawful Evil,"[ 12, 07, 06, 12, 13, 10 ]",10.0,Commoner,336
Dwarf: ,Female,61,130,49,Neutral Evil,"[ 08, 09, 11, 10, 14, 07 ]",9.83,Commoner,362
Dwarf: ,Male,75,156,52,Chaotic Neutral,"[ 09, 09, 13, 09, 09, 10 ]",9.83,Commoner,359
Dwarf: ,Male,71,150,47,Lawful Evil,"[ 06, 06, 10, 08, 10, 09 ]",8.17,Commoner,373
Half-Elf: ,Female,21,106,65,Chaotic Evil,"[ 11, 18, 18, 08, 08, 08 ]",11.83,Elite,168
Dwarf: ,Female,67,134,49,Lawful Evil,"[ 05, 05, 18, 11, 18, 09 ]",11.0,Commoner,384
Dwarf: ,Female,68,130,46,Chaotic Evil,"[ 08, 10, 12, 11, 06, 13 ]",10.0,Commoner,357
Dwarf: ,Male,72,145,45,Lawful Evil,"[ 12, 12, 09, 06, 10, 05 ]",9.0,Commoner,410
Dwarf: ,Female,77,132,44,Lawful Evil,"[ 09, 07, 07, 04, 10, 12 ]",8.17,Commoner,387
Dwarf: ,Female,71,136,49,True Neutral,"[ 09, 08, 16, 10, 06, 08 ]",9.5,Commoner,433
Dwarf: ,Female,56,133,42,True Neutral,"[ 08, 09, 05, 10, 05, 09 ]",7.67,Commoner,309
Dwarf: ,Male,81,151,47,Neutral Evil,"[ 11, 05, 09, 08, 06, 10 ]",8.17,Commoner,350
Dwarf: ,Female,66,130,50,Chaotic Good,"[ 06, 10, 07, 06, 06, 07 ]",7.0,Commoner,265
Elf: ,Male,117,107,65,Neutral Evil,"[ 08, 08, 18, 08, 14, 17 ]",12.17,Elite,612
Dwarf: ,Female,71,130,49,True Neutral,"[ 07, 04, 11, 12, 03, 10 ]",7.83,Commoner,364
Dwarf: ,Female,72,125,51,Lawful Evil,"[ 05, 08, 07, 11, 07, 08 ]",7.67,Commoner,427
Dwarf: ,Female,67,132,45,Neutral Evil,"[ 11, 11, 07, 05, 11, 09 ]",9.0,Commoner,392
Dwarf: ,Male,69,155,46,Neutral Evil,"[ 10, 08, 07, 08, 07, 10 ]",8.33,Commoner,408
Dwarf: ,Male,72,147,45,Chaotic Good,"[ 08, 14, 09, 13, 09, 11 ]",10.67,Commoner,404
Dwarf: ,Male,75,140,47,Neutral Evil,"[ 09, 11, 08, 12, 09, 08 ]",9.5,Commoner,358
Dwarf: ,Female,67,130,45,Chaotic Evil,"[ 11, 05, 11, 08, 08, 15 ]",9.67,Commoner,357
Dwarf: ,Female,60,132,42,Lawful Neutral,"[ 11, 12, 08, 07, 09, 09 ]",9.33,Commoner,351
Dwarf: ,Female,75,126,42,Chaotic Neutral,"[ 08, 08, 10, 07, 13, 11 ]",9.5,Commoner,356
Dwarf: ,Female,64,119,51,Neutral Good,"[ 11, 08, 05, 11, 10, 04 ]",8.17,Commoner,344
Dwarf: ,Male,75,150,52,True Neutral,"[ 06, 08, 05, 09, 12, 10 ]",8.33,Commoner,330
Dwarf: ,Male,77,138,53,Neutral Good,"[ 12, 13, 10, 08, 10, 11 ]",10.67,Commoner,339
Dwarf: ,Male,73,146,46,Chaotic Neutral,"[ 05, 11, 07, 06, 05, 10 ]",7.33,Commoner,384
Dwarf: ,Male,72,161,48,Chaotic Neutral,"[ 06, 11, 12, 13, 07, 07 ]",9.33,Commoner,385
Dwarf: ,Male,53,154,53,Neutral Good,"[ 05, 09, 14, 06, 11, 07 ]",8.67,Commoner,340
Dwarf: ,Female,57,119,46,Chaotic Good,"[ 11, 11, 10, 10, 05, 11 ]",9.67,Commoner,402
Dwarf: ,Male,71,154,49,Neutral Evil,"[ 09, 09, 10, 13, 15, 07 ]",10.5,Commoner,351
Dwarf: ,Female,65,126,50,Chaotic Evil,"[ 09, 08, 12, 08, 05, 06 ]",8.0,Commoner,411
Dwarf: ,Male,72,150,45,Lawful Good,"[ 05, 14, 05, 05, 09, 09 ]",7.83,Commoner,266
Dwarf: ,Male,75,155,52,Lawful Evil,"[ 09, 15, 06, 03, 11, 10 ]",9.0,Commoner,395
Dwarf: ,Male,72,146,46,Lawful Evil,"[ 09, 08, 10, 08, 12, 10 ]",9.5,Commoner,366
Dwarf: ,Male,69,155,45,Neutral Evil,"[ 11, 09, 11, 11, 08, 12 ]",10.33,Commoner,328
Dwarf: ,Female,75,127,49,Chaotic Good,"[ 13, 17, 07, 07, 07, 11 ]",10.33,Commoner,392
Dwarf: ,Female,69,123,44,Lawful Evil,"[ 09, 09, 05, 10, 11, 06 ]",8.33,Commoner,260
Dwarf: ,Female,71,124,42,Lawful Evil,"[ 07, 05, 13, 10, 11, 08 ]",9.0,Commoner,356
Dwarf: ,Female,60,120,43,Chaotic Good,"[ 13, 09, 11, 08, 08, 07 ]",9.33,Commoner,351
Dwarf: ,Female,70,121,45,Lawful Neutral,"[ 06, 07, 06, 12, 10, 14 ]",9.17,Commoner,425
Dwarf: ,Male,58,143,50,Lawful Good,"[ 06, 09, 05, 10, 07, 11 ]",8.0,Commoner,319
Dwarf: ,Male,63,154,45,Lawful Good,"[ 09, 06, 06, 09, 12, 12 ]",9.0,Commoner,286
Dwarf: ,Female,66,129,43,Neutral Evil,"[ 05, 03, 11, 18, 13, 05 ]",9.17,Commoner,312
Dwarf: ,Male,56,149,53,Lawful Evil,"[ 07, 11, 11, 06, 07, 10 ]",8.67,Commoner,402
Dwarf: ,Male,61,136,52,Chaotic Evil,"[ 11, 05, 08, 09, 09, 09 ]",8.5,Commoner,359
Dwarf: ,Male,62,158,52,Neutral Good,"[ 10, 10, 10, 09, 12, 06 ]",9.5,Commoner,329
Dwarf: ,Male,64,147,53,Neutral Evil,"[ 11, 06, 11, 12, 11, 12 ]",10.5,Commoner,376
Dwarf: ,Female,59,137,47,Lawful Neutral,"[ 06, 11, 13, 07, 15, 11 ]",10.5,Commoner,336
Dwarf: ,Male,59,148,44,Chaotic Evil,"[ 14, 05, 05, 14, 08, 11 ]",9.5,Commoner,296
Dwarf: ,Male,68,154,49,Lawful Neutral,"[ 13, 06, 11, 14, 14, 11 ]",11.5,Elite,360
Dwarf: ,Male,72,147,47,Lawful Evil,"[ 06, 10, 09, 06, 04, 07 ]",7.0,Commoner,309
Dwarf: ,Female,53,124,44,Neutral Good,"[ 04, 10, 08, 11, 09, 10 ]",8.67,Commoner,394
Dwarf: ,Female,63,121,44,Lawful Evil,"[ 13, 08, 06, 11, 11, 05 ]",9.0,Commoner,352
Dwarf: ,Female,77,132,46,Neutral Evil,"[ 12, 14, 06, 09, 08, 09 ]",9.67,Commoner,268
Dwarf: ,Female,69,125,51,Lawful Evil,"[ 09, 11, 12, 11, 09, 13 ]",10.83,Commoner,319
Dwarf: ,Male,72,149,49,Neutral Good,"[ 07, 09, 12, 11, 11, 13 ]",10.5,Commoner,320
Dwarf: ,Male,58,152,46,Lawful Good,"[ 13, 10, 11, 09, 15, 08 ]",11.0,Commoner,338
Dwarf: ,Male,79,151,45,Neutral Evil,"[ 13, 05, 10, 07, 03, 12 ]",8.33,Commoner,428
Half-Elf: ,Female,18,107,69,Lawful Evil,"[ 13, 15, 09, 13, 13, 09 ]",12.0,Elite,150
Dwarf: ,Female,60,130,46,Neutral Good,"[ 12, 13, 10, 08, 05, 09 ]",9.5,Commoner,344
Dwarf: ,Female,64,136,51,Neutral Good,"[ 09, 12, 08, 12, 07, 12 ]",10.0,Commoner,331
Dwarf: ,Female,68,122,46,Lawful Good,"[ 08, 13, 13, 09, 06, 08 ]",9.5,Commoner,360
Human: ,Female,17,130,79,Chaotic Good,"[ 17, 10, 13, 08, 13, 13 ]",12.33,Elite,116
Dwarf: ,Female,62,130,47,Lawful Evil,"[ 12, 07, 13, 09, 08, 08 ]",9.5,Commoner,384
Dwarf: ,Female,63,125,47,Chaotic Good,"[ 06, 14, 05, 08, 10, 08 ]",8.5,Commoner,389
Dwarf: ,Female,59,123,43,Lawful Good,"[ 12, 09, 11, 12, 10, 08 ]",10.33,Commoner,318
Dwarf: ,Female,76,132,49,True Neutral,"[ 09, 04, 10, 11, 13, 03 ]",8.33,Commoner,312
Dwarf: ,Female,65,125,51,Neutral Evil,"[ 11, 10, 11, 09, 12, 15 ]",11.33,Elite,318
Dwarf: ,Female,73,126,45,Lawful Evil,"[ 09, 09, 11, 07, 09, 07 ]",8.67,Commoner,373
Dwarf: ,Male,69,167,47,Neutral Good,"[ 07, 10, 11, 07, 07, 12 ]",9.0,Commoner,365
Dwarf: ,Female,68,128,44,Chaotic Evil,"[ 09, 11, 09, 13, 13, 11 ]",11.0,Commoner,350
Dwarf: ,Female,73,131,44,True Neutral,"[ 08, 13, 06, 07, 04, 07 ]",7.5,Commoner,351
Dwarf: ,Male,63,159,47,Neutral Evil,"[ 11, 12, 08, 06, 08, 12 ]",9.5,Commoner,333
Dwarf: ,Male,69,162,51,True Neutral,"[ 07, 11, 04, 13, 07, 07 ]",8.17,Commoner,323
Dwarf: ,Female,65,135,50,Lawful Neutral,"[ 08, 10, 08, 11, 12, 10 ]",9.83,Commoner,396
Dwarf: ,Female,61,135,49,True Neutral,"[ 09, 05, 11, 09, 10, 08 ]",8.67,Commoner,394
Dwarf: ,Male,82,164,48,Chaotic Good,"[ 09, 13, 03, 06, 09, 13 ]",8.83,Commoner,328
Dwarf: ,Male,61,144,52,Neutral Evil,"[ 09, 06, 13, 09, 03, 09 ]",8.17,Commoner,361
Dwarf: ,Female,56,113,51,Neutral Good,"[ 07, 08, 07, 05, 06, 12 ]",7.5,Commoner,425
Dwarf: ,Female,61,123,44,Lawful Evil,"[ 09, 11, 10, 10, 07, 09 ]",9.33,Commoner,325
Dwarf: ,Female,66,134,50,Neutral Evil,"[ 06, 17, 13, 14, 06, 11 ]",11.17,Commoner,303
Dwarf: ,Male,60,154,45,Chaotic Neutral,"[ 12, 09, 07, 11, 10, 09 ]",9.67,Commoner,298
Dwarf: ,Female,64,126,46,Chaotic Good,"[ 09, 05, 07, 08, 11, 11 ]",8.5,Commoner,392
Dwarf: ,Male,77,154,44,Chaotic Good,"[ 11, 07, 14, 13, 08, 09 ]",10.33,Commoner,278
Dwarf: ,Male,70,155,50,Neutral Evil,"[ 12, 05, 06, 08, 09, 09 ]",8.17,Commoner,406
Dwarf: ,Male,70,152,47,Neutral Good,"[ 13, 09, 09, 08, 10, 14 ]",10.5,Commoner,336
Dwarf: ,Male,69,150,51,Chaotic Good,"[ 08, 12, 11, 10, 13, 09 ]",10.5,Commoner,343
Dwarf: ,Male,66,161,51,Neutral Good,"[ 12, 08, 11, 05, 08, 13 ]",9.5,Commoner,397
Dwarf: ,Female,64,124,44,Neutral Good,"[ 08, 09, 07, 14, 07, 08 ]",8.83,Commoner,320
Dwarf: ,Female,58,133,44,True Neutral,"[ 08, 12, 13, 12, 10, 10 ]",10.83,Commoner,291
Dwarf: ,Male,57,152,53,Chaotic Neutral,"[ 08, 06, 10, 10, 05, 11 ]",8.33,Commoner,355
Dwarf: ,Female,63,130,51,Lawful Neutral,"[ 08, 13, 03, 06, 09, 11 ]",8.33,Commoner,426
Dwarf: ,Female,63,123,49,Lawful Good,"[ 10, 07, 10, 05, 11, 09 ]",8.67,Commoner,352
Dwarf: ,Male,68,155,51,Lawful Evil,"[ 13, 05, 09, 06, 10, 07 ]",8.33,Commoner,312
Dwarf: ,Female,72,128,48,Lawful Neutral,"[ 09, 12, 11, 10, 03, 10 ]",9.17,Commoner,333
Dwarf: ,Male,64,152,51,Lawful Evil,"[ 08, 05, 10, 05, 06, 10 ]",7.33,Commoner,289
Dwarf: ,Female,67,138,45,Chaotic Neutral,"[ 12, 09, 12, 07, 11, 09 ]",10.0,Commoner,338
Dwarf: ,Male,75,145,45,Chaotic Neutral,"[ 13, 04, 08, 15, 12, 07 ]",9.83,Commoner,397
Dwarf: ,Female,66,130,43,Neutral Good,"[ 07, 10, 05, 10, 07, 05 ]",7.33,Commoner,278
Human: ,Male,19,185,68,Neutral Evil,"[ 12, 12, 17, 11, 10, 16 ]",13.0,Adventurer,122
Dwarf: ,Male,71,144,50,Chaotic Neutral,"[ 10, 11, 10, 08, 11, 09 ]",9.83,Commoner,366
Dwarf: ,Female,62,128,42,Lawful Neutral,"[ 08, 07, 05, 10, 11, 12 ]",8.83,Commoner,355
Dwarf: ,Male,61,150,45,Chaotic Neutral,"[ 10, 08, 08, 11, 10, 08 ]",9.17,Commoner,296
Dwarf: ,Female,65,125,47,Chaotic Good,"[ 11, 07, 11, 08, 12, 06 ]",9.17,Commoner,328
Dwarf: ,Female,71,118,50,Lawful Neutral,"[ 07, 11, 06, 07, 05, 10 ]",7.67,Commoner,351
Dwarf: ,Female,72,122,48,Lawful Neutral,"[ 14, 12, 09, 08, 08, 08 ]",9.83,Commoner,420
Dwarf: ,Female,79,128,47,True Neutral,"[ 05, 09, 09, 10, 06, 11 ]",8.33,Commoner,365
Dwarf: ,Female,78,125,46,Neutral Good,"[ 12, 10, 14, 09, 11, 09 ]",10.83,Commoner,309
Dwarf: ,Female,66,124,49,Lawful Neutral,"[ 15, 07, 11, 13, 08, 09 ]",10.5,Commoner,315
Dwarf: ,Female,67,126,50,Chaotic Good,"[ 11, 07, 12, 06, 06, 09 ]",8.5,Commoner,437
Dwarf: ,Female,72,127,44,Lawful Neutral,"[ 05, 07, 10, 12, 10, 08 ]",8.67,Commoner,338
Dwarf: ,Male,73,161,48,Chaotic Evil,"[ 05, 11, 08, 04, 11, 09 ]",8.0,Commoner,359
Human: ,Female,18,132,66,Neutral Good,"[ 13, 09, 12, 13, 16, 08 ]",11.83,Elite,123
Dwarf: ,Male,62,161,49,True Neutral,"[ 04, 11, 06, 07, 13, 06 ]",7.83,Commoner,388
Dwarf: ,Female,69,124,44,Chaotic Neutral,"[ 13, 10, 11, 06, 06, 10 ]",9.33,Commoner,373
Dwarf: ,Male,68,154,44,Chaotic Neutral,"[ 08, 10, 09, 07, 07, 09 ]",8.33,Commoner,381
Dwarf: ,Female,59,136,42,Chaotic Good,"[ 05, 09, 05, 12, 12, 06 ]",8.17,Commoner,272
Dwarf: ,Male,72,144,51,Lawful Good,"[ 07, 08, 13, 05, 09, 11 ]",8.83,Commoner,324
Human: ,Female,17,132,67,Chaotic Good,"[ 09, 12, 14, 15, 12, 08 ]",11.67,Elite,129
Dwarf: ,Female,66,127,44,Lawful Good,"[ 09, 10, 11, 04, 09, 15 ]",9.67,Commoner,367
Dwarf: ,Male,65,162,44,Neutral Evil,"[ 09, 10, 14, 11, 11, 11 ]",11.0,Commoner,437
Dwarf: ,Female,69,130,47,Neutral Good,"[ 11, 10, 09, 05, 15, 06 ]",9.33,Commoner,341
Dwarf: ,Male,65,145,46,Lawful Evil,"[ 12, 11, 08, 07, 06, 12 ]",9.33,Commoner,362
Dwarf: ,Female,77,128,47,Lawful Good,"[ 09, 09, 10, 10, 11, 10 ]",9.83,Commoner,406
Halfling: ,Female,29,58,36,True Neutral,"[ 10, 13, 11, 10, 15, 12 ]",11.83,Elite,147
Dwarf: ,Male,65,151,51,Lawful Neutral,"[ 12, 13, 08, 08, 06, 07 ]",9.0,Commoner,401
Dwarf: ,Male,59,155,49,Lawful Good,"[ 05, 08, 10, 10, 05, 07 ]",7.5,Commoner,336
Dwarf: ,Male,67,148,48,Chaotic Neutral,"[ 14, 13, 09, 10, 09, 08 ]",10.5,Commoner,336
Dwarf: ,Male,62,151,53,Neutral Evil,"[ 09, 08, 09, 06, 08, 09 ]",8.17,Commoner,399
Dwarf: ,Male,69,153,53,Lawful Good,"[ 08, 09, 09, 09, 05, 11 ]",8.5,Commoner,346
Dwarf: ,Female,60,127,45,Lawful Neutral,"[ 12, 12, 11, 07, 04, 06 ]",8.67,Commoner,323
Dwarf: ,Male,69,146,49,Neutral Good,"[ 14, 09, 09, 07, 05, 08 ]",8.67,Commoner,406
Dwarf: ,Female,70,127,49,Neutral Good,"[ 04, 08, 08, 07, 07, 10 ]",7.33,Commoner,344
Dwarf: ,Male,70,137,48,Chaotic Good,"[ 04, 15, 17, 04, 06, 08 ]",9.0,Commoner,369
Dwarf: ,Female,81,127,44,Neutral Evil,"[ 10, 07, 11, 08, 11, 09 ]",9.33,Commoner,312
Gnome: ,Male,83,80,41,Chaotic Neutral,"[ 18, 06, 13, 03, 18, 13 ]",11.83,Elite,403
Dwarf: ,Female,76,130,45,Chaotic Neutral,"[ 12, 11, 12, 03, 13, 12 ]",10.5,Commoner,342
Dwarf: ,Female,72,124,43,Neutral Good,"[ 13, 08, 12, 07, 11, 10 ]",10.17,Commoner,295
Dwarf: ,Female,70,136,45,True Neutral,"[ 11, 07, 08, 10, 04, 14 ]",9.0,Commoner,285
Dwarf: ,Male,75,148,48,Lawful Good,"[ 09, 09, 08, 12, 03, 10 ]",8.5,Commoner,326
Dwarf: ,Male,78,160,47,Lawful Good,"[ 07, 08, 08, 04, 10, 03 ]",6.67,Commoner,333
Dwarf: ,Female,51,133,49,Chaotic Neutral,"[ 09, 11, 14, 12, 06, 10 ]",10.33,Commoner,403
Dwarf: ,Male,56,156,45,Lawful Evil,"[ 10, 09, 07, 12, 08, 10 ]",9.33,Commoner,394
Dwarf: ,Female,61,126,45,Chaotic Good,"[ 11, 05, 10, 09, 06, 09 ]",8.33,Commoner,386
Dwarf: ,Male,62,160,49,Lawful Evil,"[ 10, 11, 10, 06, 07, 08 ]",8.67,Commoner,332
Dwarf: ,Female,63,128,46,True Neutral,"[ 06, 09, 07, 08, 13, 11 ]",9.0,Commoner,276
Dwarf: ,Male,75,149,45,Chaotic Neutral,"[ 06, 10, 10, 09, 12, 14 ]",10.17,Commoner,329
Dwarf: ,Male,61,155,49,Neutral Good,"[ 10, 11, 08, 08, 09, 09 ]",9.17,Commoner,327
Dwarf: ,Male,66,151,53,True Neutral,"[ 10, 09, 10, 06, 07, 07 ]",8.17,Commoner,363
Dwarf: ,Female,55,134,44,Lawful Neutral,"[ 09, 10, 10, 07, 10, 09 ]",9.17,Commoner,372
Dwarf: ,Male,81,155,44,Chaotic Neutral,"[ 08, 12, 09, 06, 12, 10 ]",9.5,Commoner,327
Dwarf: ,Male,74,151,48,Lawful Good,"[ 07, 05, 09, 06, 10, 06 ]",7.17,Commoner,348
Dwarf: ,Male,71,157,45,Lawful Neutral,"[ 11, 09, 13, 09, 07, 13 ]",10.33,Commoner,317
Dwarf: ,Female,63,125,42,Neutral Evil,"[ 03, 13, 11, 12, 07, 09 ]",9.17,Commoner,410
Dwarf: ,Male,73,152,52,Lawful Evil,"[ 06, 11, 08, 05, 06, 08 ]",7.33,Commoner,349
Dwarf: ,Female,62,132,46,Lawful Good,"[ 14, 05, 08, 18, 09, 03 ]",9.5,Commoner,273
Dwarf: ,Male,70,151,47,Neutral Evil,"[ 11, 05, 05, 06, 06, 08 ]",6.83,Commoner,327
Dwarf: ,Female,66,126,49,Neutral Good,"[ 13, 07, 13, 12, 09, 12 ]",11.0,Commoner,374
Dwarf: ,Female,66,134,50,Neutral Good,"[ 04, 12, 10, 10, 04, 10 ]",8.33,Commoner,387
Dwarf: ,Male,67,152,49,Lawful Good,"[ 14, 10, 13, 13, 09, 10 ]",11.5,Elite,394
Dwarf: ,Male,69,149,45,Chaotic Good,"[ 10, 08, 05, 07, 05, 09 ]",7.33,Commoner,350
Dwarf: ,Male,63,142,48,Lawful Good,"[ 10, 12, 12, 09, 11, 10 ]",10.67,Commoner,416
Dwarf: ,Male,64,149,48,Chaotic Good,"[ 07, 13, 08, 12, 05, 06 ]",8.5,Commoner,368
Dwarf: ,Female,72,130,47,True Neutral,"[ 11, 09, 05, 08, 11, 08 ]",8.67,Commoner,386
Dwarf: ,Male,69,153,45,Lawful Evil,"[ 07, 07, 09, 12, 05, 07 ]",7.83,Commoner,302
Dwarf: ,Female,78,125,45,Chaotic Evil,"[ 08, 11, 11, 06, 12, 05 ]",8.83,Commoner,385
Dwarf: ,Male,66,163,44,Lawful Good,"[ 08, 11, 10, 12, 05, 13 ]",9.83,Commoner,390
Dwarf: ,Male,65,141,48,Chaotic Good,"[ 10, 09, 10, 12, 08, 09 ]",9.67,Commoner,330
Dwarf: ,Male,70,156,50,Lawful Evil,"[ 14, 14, 03, 13, 08, 05 ]",9.5,Commoner,357
Human: ,Male,16,170,74,Neutral Evil,"[ 11, 14, 15, 09, 08, 13 ]",11.67,Elite,114
Dwarf: ,Male,64,158,46,Chaotic Evil,"[ 05, 07, 08, 08, 08, 07 ]",7.17,Commoner,378
Dwarf: ,Male,59,154,44,Lawful Good,"[ 11, 08, 13, 05, 11, 06 ]",9.0,Commoner,348
Dwarf: ,Female,72,140,45,Lawful Good,"[ 08, 07, 08, 14, 11, 09 ]",9.5,Commoner,355
Dwarf: ,Male,64,157,51,Lawful Evil,"[ 12, 10, 06, 11, 12, 11 ]",10.33,Commoner,376
Dwarf: ,Male,66,159,52,Lawful Evil,"[ 06, 08, 07, 07, 10, 09 ]",7.83,Commoner,415
Human: ,Female,17,139,65,Chaotic Good,"[ 15, 13, 13, 15, 07, 14 ]",12.83,Adventurer,105
Dwarf: ,Male,68,156,50,Chaotic Good,"[ 07, 11, 09, 11, 13, 12 ]",10.5,Commoner,355
Dwarf: ,Male,66,158,51,Neutral Good,"[ 09, 06, 11, 12, 12, 11 ]",10.17,Commoner,343
Dwarf: ,Female,67,132,42,Chaotic Evil,"[ 12, 11, 11, 09, 08, 13 ]",10.67,Commoner,358
Dwarf: ,Male,69,147,45,Neutral Good,"[ 08, 10, 08, 07, 09, 15 ]",9.5,Commoner,357
Dwarf: ,Male,66,155,46,Lawful Neutral,"[ 13, 12, 10, 08, 11, 05 ]",9.83,Commoner,364
Dwarf: ,Female,61,127,42,Neutral Good,"[ 11, 11, 04, 08, 08, 09 ]",8.5,Commoner,410
Dwarf: ,Male,68,150,47,Chaotic Evil,"[ 16, 15, 17, 09, 07, 04 ]",11.33,Elite,341
Dwarf: ,Male,70,150,52,True Neutral,"[ 09, 06, 11, 09, 09, 11 ]",9.17,Commoner,361
Dwarf: ,Male,75,149,51,Chaotic Neutral,"[ 10, 09, 10, 11, 11, 09 ]",10.0,Commoner,394
Dwarf: ,Male,62,150,52,Neutral Good,"[ 07, 11, 15, 08, 11, 14 ]",11.0,Commoner,360
Dwarf: ,Female,82,117,48,Lawful Good,"[ 13, 10, 07, 08, 06, 11 ]",9.17,Commoner,346
Dwarf: ,Male,80,157,51,True Neutral,"[ 13, 11, 11, 08, 08, 09 ]",10.0,Commoner,375
Dwarf: ,Male,69,145,46,Lawful Evil,"[ 11, 13, 14, 06, 12, 13 ]",11.5,Elite,303
Dwarf: ,Female,72,133,45,Chaotic Evil,"[ 09, 07, 11, 10, 09, 05 ]",8.5,Commoner,394
Dwarf: ,Male,80,165,52,Lawful Evil,"[ 11, 12, 07, 07, 06, 06 ]",8.17,Commoner,351
Dwarf: ,Male,62,153,46,Lawful Neutral,"[ 09, 08, 04, 11, 07, 08 ]",7.83,Commoner,388
Dwarf: ,Male,72,144,48,Chaotic Good,"[ 06, 08, 10, 11, 10, 06 ]",8.5,Commoner,393
Dwarf: ,Male,78,151,49,Chaotic Good,"[ 12, 11, 09, 08, 07, 11 ]",9.67,Commoner,321
Dwarf: ,Female,70,131,50,Lawful Neutral,"[ 12, 08, 07, 10, 09, 09 ]",9.17,Commoner,382
Dwarf: ,Female,70,127,51,Neutral Evil,"[ 08, 08, 12, 12, 09, 17 ]",11.0,Commoner,294
Dwarf: ,Male,70,152,50,Chaotic Neutral,"[ 12, 08, 10, 14, 08, 11 ]",10.5,Commoner,375
Dwarf: ,Female,62,126,42,Chaotic Good,"[ 11, 11, 12, 11, 07, 08 ]",10.0,Commoner,302
Dwarf: ,Female,64,130,50,Chaotic Good,"[ 09, 05, 12, 10, 11, 09 ]",9.33,Commoner,410
Dwarf: ,Female,80,136,43,Lawful Neutral,"[ 08, 12, 08, 14, 11, 10 ]",10.5,Commoner,371
Dwarf: ,Female,67,134,42,Lawful Neutral,"[ 09, 04, 07, 07, 07, 09 ]",7.17,Commoner,427
Dwarf: ,Male,65,147,45,Lawful Good,"[ 11, 09, 11, 04, 10, 05 ]",8.33,Commoner,267
Gnome: ,Female,75,76,38,Chaotic Neutral,"[ 17, 12, 10, 14, 10, 09 ]",12.0,Elite,263
Dwarf: ,Female,69,130,48,Chaotic Neutral,"[ 11, 07, 10, 12, 07, 10 ]",9.5,Commoner,358
Dwarf: ,Female,68,133,48,Chaotic Good,"[ 09, 09, 09, 03, 10, 07 ]",7.83,Commoner,373
Dwarf: ,Male,62,147,53,Lawful Good,"[ 09, 04, 04, 11, 10, 12 ]",8.33,Commoner,425
Dwarf: ,Male,73,151,44,Neutral Good,"[ 08, 08, 11, 10, 12, 08 ]",9.5,Commoner,386
Dwarf: ,Male,75,141,49,Chaotic Evil,"[ 09, 08, 11, 05, 05, 10 ]",8.0,Commoner,324
Dwarf: ,Male,64,156,47,Neutral Good,"[ 10, 11, 12, 15, 11, 07 ]",11.0,Commoner,371
Dwarf: ,Male,65,146,48,Lawful Neutral,"[ 03, 11, 12, 10, 06, 10 ]",8.67,Commoner,372
Dwarf: ,Male,54,147,52,Chaotic Evil,"[ 08, 09, 06, 08, 08, 10 ]",8.17,Commoner,375
Dwarf: ,Female,63,121,49,Neutral Good,"[ 05, 07, 08, 12, 12, 06 ]",8.33,Commoner,345
Dwarf: ,Male,59,150,48,Neutral Good,"[ 09, 10, 04, 11, 10, 09 ]",8.83,Commoner,352
Dwarf: ,Male,69,145,44,Lawful Good,"[ 09, 07, 09, 06, 13, 06 ]",8.33,Commoner,413
Half-Elf: ,Male,17,128,67,Lawful Neutral,"[ 16, 11, 13, 13, 15, 09 ]",12.83,Adventurer,161
Dwarf: ,Male,66,148,52,Neutral Good,"[ 12, 08, 12, 12, 06, 07 ]",9.5,Commoner,369
Dwarf: ,Male,69,143,47,Chaotic Neutral,"[ 11, 07, 08, 12, 08, 13 ]",9.83,Commoner,356
Dwarf: ,Female,67,120,46,Lawful Neutral,"[ 12, 09, 10, 10, 11, 16 ]",11.33,Elite,324
Dwarf: ,Male,73,147,53,Neutral Good,"[ 09, 09, 09, 04, 12, 08 ]",8.5,Commoner,341
Gnome: ,Female,90,84,37,Chaotic Neutral,"[ 11, 11, 12, 15, 16, 10 ]",12.5,Elite,397
Halfling: ,Male,28,62,45,Lawful Good,"[ 09, 12, 17, 13, 12, 08 ]",11.83,Elite,114
Dwarf: ,Female,68,124,51,Chaotic Neutral,"[ 06, 05, 16, 15, 11, 14 ]",11.17,Commoner,300
Dwarf: ,Female,62,128,44,Neutral Evil,"[ 10, 09, 08, 08, 10, 06 ]",8.5,Commoner,299
Dwarf: ,Male,69,154,53,Lawful Good,"[ 08, 04, 07, 05, 11, 06 ]",6.83,Commoner,354
Human: ,Female,18,139,75,Neutral Evil,"[ 16, 17, 11, 09, 14, 09 ]",12.67,Elite,127
Dwarf: ,Female,73,125,45,True Neutral,"[ 08, 11, 10, 12, 08, 12 ]",10.17,Commoner,356
Dwarf: ,Female,64,128,43,Neutral Evil,"[ 11, 13, 05, 13, 07, 09 ]",9.67,Commoner,284
Dwarf: ,Female,65,130,51,Neutral Evil,"[ 12, 12, 11, 08, 08, 08 ]",9.83,Commoner,382
Dwarf: ,Female,76,129,49,Lawful Good,"[ 11, 09, 07, 12, 09, 13 ]",10.17,Commoner,435
Dwarf: ,Male,59,156,50,Neutral Evil,"[ 07, 09, 10, 13, 05, 05 ]",8.17,Commoner,276
Dwarf: ,Male,71,160,47,Lawful Good,"[ 07, 05, 07, 06, 08, 10 ]",7.17,Commoner,409
Halfling: ,Female,27,63,38,Chaotic Good,"[ 13, 15, 11, 10, 15, 13 ]",12.83,Adventurer,167
Dwarf: ,Female,69,130,44,Neutral Good,"[ 05, 08, 08, 11, 12, 07 ]",8.5,Commoner,341
Dwarf: ,Male,63,143,48,Chaotic Neutral,"[ 07, 12, 07, 08, 08, 10 ]",8.67,Commoner,382
Dwarf: ,Female,65,131,43,True Neutral,"[ 08, 14, 08, 14, 10, 05 ]",9.83,Commoner,333
Dwarf: ,Male,79,146,49,True Neutral,"[ 11, 10, 11, 11, 08, 11 ]",10.33,Commoner,381
Dwarf: ,Male,67,154,51,Lawful Evil,"[ 07, 10, 09, 12, 10, 12 ]",10.0,Commoner,324
Dwarf: ,Female,68,119,43,Lawful Good,"[ 06, 06, 10, 08, 10, 06 ]",7.67,Commoner,343
Dwarf: ,Female,79,127,49,Lawful Good,"[ 08, 08, 13, 14, 06, 04 ]",8.83,Commoner,356
Dwarf: ,Male,70,156,49,Lawful Neutral,"[ 09, 08, 12, 09, 08, 07 ]",8.83,Commoner,290
Dwarf: ,Male,66,145,53,Lawful Neutral,"[ 11, 12, 09, 09, 09, 10 ]",10.0,Commoner,338
Dwarf: ,Female,59,133,42,Chaotic Good,"[ 13, 07, 04, 09, 07, 06 ]",7.67,Commoner,358
Dwarf: ,Female,71,116,49,Neutral Evil,"[ 10, 16, 05, 07, 13, 13 ]",10.67,Commoner,435
Dwarf: ,Female,65,122,47,Lawful Good,"[ 10, 13, 09, 08, 08, 09 ]",9.5,Commoner,381
Dwarf: ,Male,68,159,50,Lawful Good,"[ 10, 10, 09, 13, 11, 10 ]",10.5,Commoner,416
Gnome: ,Female,76,85,39,Neutral Good,"[ 15, 10, 13, 09, 10, 13 ]",11.67,Elite,363
Dwarf: ,Female,65,128,48,True Neutral,"[ 08, 07, 09, 10, 08, 07 ]",8.17,Commoner,415
Dwarf: ,Female,61,118,48,Lawful Neutral,"[ 10, 14, 06, 05, 11, 13 ]",9.83,Commoner,375
Dwarf: ,Male,57,159,53,Chaotic Evil,"[ 07, 09, 05, 11, 10, 11 ]",8.83,Commoner,381
Dwarf: ,Female,65,131,50,True Neutral,"[ 06, 10, 07, 03, 06, 07 ]",6.5,Commoner,358
Dwarf: ,Female,73,126,42,True Neutral,"[ 14, 04, 05, 07, 07, 07 ]",7.33,Commoner,328
Dwarf: ,Female,65,127,44,Lawful Neutral,"[ 10, 10, 11, 09, 11, 10 ]",10.17,Commoner,410
Dwarf: ,Female,63,130,51,Lawful Neutral,"[ 07, 11, 09, 05, 10, 10 ]",8.67,Commoner,388
Dwarf: ,Male,75,156,51,Neutral Good,"[ 08, 09, 09, 16, 11, 15 ]",11.33,Elite,329
Dwarf: ,Male,74,143,52,Chaotic Evil,"[ 09, 11, 09, 15, 08, 04 ]",9.33,Commoner,360
Dwarf: ,Female,67,125,45,True Neutral,"[ 08, 11, 10, 06, 09, 06 ]",8.33,Commoner,359
Dwarf: ,Male,76,161,44,Chaotic Neutral,"[ 12, 04, 09, 15, 09, 12 ]",10.17,Commoner,314
Dwarf: ,Male,70,145,48,Lawful Good,"[ 05, 08, 07, 10, 13, 10 ]",8.83,Commoner,338
Dwarf: ,Male,60,150,50,Chaotic Evil,"[ 12, 08, 08, 08, 08, 09 ]",8.83,Commoner,288
Dwarf: ,Female,78,124,50,Neutral Good,"[ 12, 05, 09, 10, 11, 11 ]",9.67,Commoner,384
Dwarf: ,Female,68,126,51,Chaotic Evil,"[ 11, 09, 08, 10, 07, 08 ]",8.83,Commoner,323
Dwarf: ,Male,55,163,47,True Neutral,"[ 10, 12, 10, 12, 07, 09 ]",10.0,Commoner,342
Dwarf: ,Male,71,150,46,Neutral Good,"[ 07, 13, 09, 08, 07, 14 ]",9.67,Commoner,405
Dwarf: ,Female,72,115,50,True Neutral,"[ 08, 08, 11, 09, 03, 03 ]",7.0,Commoner,357
Dwarf: ,Female,68,131,43,True Neutral,"[ 06, 12, 11, 18, 07, 14 ]",11.33,Elite,371
Dwarf: ,Male,72,150,53,Neutral Good,"[ 05, 08, 10, 08, 08, 08 ]",7.83,Commoner,377
Dwarf: ,Male,64,154,53,Lawful Evil,"[ 07, 10, 12, 11, 11, 12 ]",10.5,Commoner,342
Dwarf: ,Male,73,147,46,Lawful Evil,"[ 13, 09, 06, 07, 09, 14 ]",9.67,Commoner,360
Dwarf: ,Female,62,113,50,Chaotic Evil,"[ 07, 06, 08, 10, 13, 09 ]",8.83,Commoner,374
Dwarf: ,Male,71,164,49,Lawful Good,"[ 09, 11, 11, 08, 14, 05 ]",9.67,Commoner,343
Gnome: ,Male,75,85,44,Chaotic Neutral,"[ 10, 13, 13, 10, 10, 17 ]",12.17,Elite,359
Gnome: ,Female,81,79,41,Lawful Neutral,"[ 12, 14, 11, 14, 12, 11 ]",12.33,Elite,401
Dwarf: ,Female,62,128,45,Lawful Neutral,"[ 07, 16, 09, 10, 11, 08 ]",10.17,Commoner,429
Dwarf: ,Male,64,154,51,Lawful Neutral,"[ 10, 06, 14, 07, 10, 08 ]",9.17,Commoner,397
Dwarf: ,Male,67,143,53,Lawful Neutral,"[ 12, 11, 09, 08, 07, 11 ]",9.67,Commoner,317
Dwarf: ,Female,58,126,45,True Neutral,"[ 07, 08, 06, 12, 10, 08 ]",8.5,Commoner,277
Dwarf: ,Female,69,128,42,Lawful Good,"[ 08, 04, 14, 13, 07, 16 ]",10.33,Commoner,366
Dwarf: ,Male,66,163,46,Lawful Evil,"[ 08, 12, 04, 10, 10, 07 ]",8.5,Commoner,369
Dwarf: ,Female,63,124,49,Lawful Good,"[ 09, 13, 12, 16, 12, 07 ]",11.5,Elite,348
Dwarf: ,Female,64,133,48,Chaotic Evil,"[ 05, 09, 04, 08, 10, 15 ]",8.5,Commoner,340
Dwarf: ,Female,75,135,45,Chaotic Good,"[ 07, 07, 09, 10, 11, 08 ]",8.67,Commoner,304
Dwarf: ,Female,76,126,42,Chaotic Good,"[ 06, 05, 09, 14, 15, 07 ]",9.33,Commoner,380
Dwarf: ,Male,68,155,53,True Neutral,"[ 07, 08, 15, 12, 14, 11 ]",11.17,Commoner,289
Dwarf: ,Female,76,125,43,True Neutral,"[ 18, 08, 13, 07, 09, 03 ]",9.67,Commoner,360
Dwarf: ,Female,72,122,45,Lawful Good,"[ 08, 11, 11, 12, 09, 10 ]",10.17,Commoner,384
Dwarf: ,Male,66,153,44,Lawful Good,"[ 11, 08, 06, 05, 12, 11 ]",8.83,Commoner,332
Dwarf: ,Female,72,126,46,Chaotic Neutral,"[ 11, 09, 09, 07, 08, 11 ]",9.17,Commoner,306
Dwarf: ,Female,72,118,44,Lawful Neutral,"[ 04, 11, 07, 11, 05, 06 ]",7.33,Commoner,383
Dwarf: ,Male,70,152,48,Lawful Neutral,"[ 08, 12, 07, 05, 08, 07 ]",7.83,Commoner,400
Dwarf: ,Female,75,128,43,Chaotic Evil,"[ 09, 07, 07, 13, 11, 08 ]",9.17,Commoner,424
Dwarf: ,Male,66,153,45,Chaotic Good,"[ 07, 06, 10, 07, 14, 04 ]",8.0,Commoner,396
Dwarf: ,Female,69,116,46,Neutral Evil,"[ 11, 07, 09, 09, 15, 11 ]",10.33,Commoner,345
Dwarf: ,Male,72,159,50,Chaotic Evil,"[ 08, 07, 09, 14, 11, 07 ]",9.33,Commoner,323
Dwarf: ,Male,63,147,52,Lawful Good,"[ 13, 11, 09, 09, 11, 13 ]",11.0,Commoner,306
Dwarf: ,Female,62,122,49,Chaotic Evil,"[ 07, 07, 06, 06, 08, 09 ]",7.17,Commoner,316
Dwarf: ,Male,60,155,49,Neutral Good,"[ 08, 08, 11, 14, 06, 13 ]",10.0,Commoner,344
Dwarf: ,Female,63,127,45,Neutral Good,"[ 08, 08, 12, 09, 10, 07 ]",9.0,Commoner,329
Dwarf: ,Male,66,149,47,Neutral Good,"[ 13, 10, 07, 07, 09, 18 ]",10.67,Commoner,308
Dwarf: ,Male,62,147,49,True Neutral,"[ 11, 06, 10, 04, 12, 11 ]",9.0,Commoner,394
Dwarf: ,Male,61,153,45,Chaotic Neutral,"[ 09, 05, 05, 07, 04, 09 ]",6.5,Commoner,414
Dwarf: ,Male,63,150,44,Chaotic Good,"[ 07, 08, 11, 09, 09, 12 ]",9.33,Commoner,344
Dwarf: ,Male,66,147,50,Neutral Good,"[ 03, 12, 10, 14, 08, 09 ]",9.33,Commoner,397
Halfling: ,Male,30,67,42,Lawful Neutral,"[ 16, 15, 06, 12, 08, 13 ]",11.67,Elite,190
Dwarf: ,Female,66,122,42,True Neutral,"[ 12, 09, 07, 06, 04, 09 ]",7.83,Commoner,377
Dwarf: ,Female,62,121,43,True Neutral,"[ 11, 07, 09, 06, 11, 14 ]",9.67,Commoner,373
Dwarf: ,Female,80,128,45,Chaotic Good,"[ 03, 09, 06, 10, 14, 05 ]",7.83,Commoner,297
Dwarf: ,Female,75,119,51,Chaotic Good,"[ 09, 10, 12, 12, 07, 10 ]",10.0,Commoner,401
Dwarf: ,Male,63,153,46,Neutral Evil,"[ 06, 11, 09, 10, 11, 05 ]",8.67,Commoner,357
Dwarf: ,Female,66,129,51,Neutral Good,"[ 10, 13, 06, 11, 10, 10 ]",10.0,Commoner,350
Dwarf: ,Female,72,129,50,True Neutral,"[ 10, 10, 06, 12, 11, 10 ]",9.83,Commoner,302
Dwarf: ,Male,62,164,44,Lawful Evil,"[ 11, 06, 10, 10, 14, 10 ]",10.17,Commoner,272
Dwarf: ,Male,65,143,49,True Neutral,"[ 07, 06, 08, 07, 04, 07 ]",6.5,Commoner,373
Human: ,Male,19,185,64,True Neutral,"[ 09, 12, 16, 15, 14, 13 ]",13.17,Adventurer,113
Dwarf: ,Male,71,143,50,Lawful Good,"[ 10, 14, 04, 04, 08, 09 ]",8.17,Commoner,275
Dwarf: ,Male,71,152,46,Lawful Good,"[ 05, 08, 14, 06, 08, 05 ]",7.67,Commoner,368
Dwarf: ,Female,72,127,44,Neutral Good,"[ 13, 06, 06, 08, 06, 06 ]",7.5,Commoner,353
Dwarf: ,Male,74,152,44,Chaotic Evil,"[ 04, 10, 06, 10, 05, 03 ]",6.33,Commoner,356
Dwarf: ,Female,64,114,49,Chaotic Evil,"[ 08, 12, 13, 07, 07, 07 ]",9.0,Commoner,377
Dwarf: ,Female,60,124,42,Lawful Evil,"[ 07, 14, 10, 07, 11, 07 ]",9.33,Commoner,327
Dwarf: ,Female,80,118,44,Neutral Evil,"[ 10, 11, 15, 11, 12, 12 ]",11.83,Elite,357
Dwarf: ,Male,66,148,47,Lawful Neutral,"[ 12, 09, 12, 07, 14, 05 ]",9.83,Commoner,438
Dwarf: ,Male,61,167,49,Lawful Evil,"[ 14, 07, 09, 08, 09, 12 ]",9.83,Commoner,406
Dwarf: ,Male,65,141,52,Neutral Good,"[ 07, 13, 06, 16, 11, 07 ]",10.0,Commoner,334
Dwarf: ,Female,74,118,47,Chaotic Neutral,"[ 09, 11, 07, 06, 10, 07 ]",8.33,Commoner,344
Dwarf: ,Female,71,129,49,Neutral Good,"[ 13, 07, 07, 08, 12, 11 ]",9.67,Commoner,383
Dwarf: ,Male,71,153,50,Lawful Neutral,"[ 07, 07, 11, 07, 06, 09 ]",7.83,Commoner,413
Dwarf: ,Male,66,151,46,Neutral Good,"[ 11, 18, 06, 11, 03, 14 ]",10.5,Commoner,328
Gnome: ,Male,83,82,44,Lawful Evil,"[ 15, 17, 15, 13, 11, 11 ]",13.67,Adventurer,289
Dwarf: ,Male,67,154,53,Neutral Evil,"[ 16, 09, 12, 08, 14, 13 ]",12.0,Elite,327
Dwarf: ,Male,65,157,47,Lawful Evil,"[ 12, 07, 10, 08, 08, 06 ]",8.5,Commoner,378
Dwarf: ,Male,72,155,53,Lawful Evil,"[ 10, 05, 09, 07, 06, 07 ]",7.33,Commoner,307
Dwarf: ,Male,65,148,51,Neutral Evil,"[ 15, 09, 10, 05, 13, 10 ]",10.33,Commoner,364
Dwarf: ,Male,85,154,48,Chaotic Good,"[ 13, 14, 15, 05, 06, 06 ]",9.83,Commoner,371
Dwarf: ,Male,68,148,45,Chaotic Good,"[ 08, 13, 13, 12, 16, 10 ]",12.0,Elite,332
Dwarf: ,Male,77,153,45,Lawful Good,"[ 11, 15, 08, 08, 10, 10 ]",10.33,Commoner,350
Dwarf: ,Male,63,150,50,Chaotic Neutral,"[ 11, 07, 08, 06, 13, 09 ]",9.0,Commoner,328
Dwarf: ,Male,63,146,49,Neutral Evil,"[ 13, 11, 06, 09, 08, 04 ]",8.5,Commoner,288
Dwarf: ,Female,73,130,50,Chaotic Good,"[ 13, 06, 09, 08, 12, 08 ]",9.33,Commoner,316
Gnome: ,Female,78,79,39,Lawful Evil,"[ 11, 09, 12, 10, 16, 16 ]",12.33,Elite,315
Dwarf: ,Male,76,158,45,Lawful Evil,"[ 07, 06, 12, 11, 10, 07 ]",8.83,Commoner,327
Dwarf: ,Male,64,146,53,Neutral Evil,"[ 09, 09, 08, 09, 08, 06 ]",8.17,Commoner,269
Dwarf: ,Female,75,137,43,Neutral Good,"[ 13, 11, 12, 11, 06, 07 ]",10.0,Commoner,393
Dwarf: ,Female,68,125,42,Neutral Evil,"[ 08, 08, 12, 15, 10, 08 ]",10.17,Commoner,327
Dwarf: ,Female,72,123,44,Lawful Evil,"[ 11, 09, 10, 10, 05, 12 ]",9.5,Commoner,290
Dwarf: ,Male,69,151,51,Neutral Good,"[ 12, 14, 05, 08, 07, 09 ]",9.17,Commoner,372
Dwarf: ,Male,76,161,47,Chaotic Evil,"[ 12, 14, 05, 12, 09, 06 ]",9.67,Commoner,380
Dwarf: ,Male,70,154,47,Chaotic Neutral,"[ 04, 07, 10, 06, 09, 10 ]",7.67,Commoner,327
Dwarf: ,Female,59,124,48,True Neutral,"[ 07, 12, 06, 07, 11, 10 ]",8.83,Commoner,400
Dwarf: ,Male,68,156,52,Chaotic Evil,"[ 09, 12, 12, 11, 05, 12 ]",10.17,Commoner,369
Dwarf: ,Female,61,123,51,Neutral Good,"[ 13, 12, 08, 06, 10, 09 ]",9.67,Commoner,381
Dwarf: ,Female,77,139,44,True Neutral,"[ 08, 09, 11, 10, 09, 12 ]",9.83,Commoner,390
Dwarf: ,Male,71,156,49,Neutral Good,"[ 06, 09, 06, 13, 09, 09 ]",8.67,Commoner,344
Dwarf: ,Male,57,145,45,Chaotic Evil,"[ 10, 10, 09, 04, 14, 11 ]",9.67,Commoner,343
Dwarf: ,Male,72,148,50,True Neutral,"[ 07, 10, 05, 10, 07, 11 ]",8.33,Commoner,394
Half-Elf: ,Male,20,118,63,Chaotic Evil,"[ 06, 11, 12, 15, 15, 14 ]",12.17,Elite,157
Dwarf: ,Male,75,164,45,Lawful Good,"[ 11, 09, 04, 05, 10, 06 ]",7.5,Commoner,351
Dwarf: ,Female,76,129,51,Chaotic Evil,"[ 12, 10, 10, 06, 12, 06 ]",9.33,Commoner,366
Dwarf: ,Male,63,152,48,Lawful Evil,"[ 07, 09, 11, 12, 08, 10 ]",9.5,Commoner,363
Dwarf: ,Male,63,166,50,Chaotic Evil,"[ 11, 05, 04, 09, 09, 11 ]",8.17,Commoner,365
Dwarf: ,Male,69,146,45,True Neutral,"[ 12, 07, 11, 08, 05, 11 ]",9.0,Commoner,366
Dwarf: ,Male,72,163,50,Lawful Neutral,"[ 12, 07, 15, 11, 09, 05 ]",9.83,Commoner,359
Dwarf: ,Female,68,134,48,Chaotic Evil,"[ 07, 11, 08, 12, 09, 09 ]",9.33,Commoner,407
Dwarf: ,Male,57,144,50,Lawful Neutral,"[ 06, 06, 11, 10, 10, 05 ]",8.0,Commoner,286
Dwarf: ,Male,64,151,50,Chaotic Good,"[ 11, 12, 08, 06, 13, 12 ]",10.33,Commoner,304
Dwarf: ,Male,65,152,45,Chaotic Neutral,"[ 13, 08, 12, 09, 11, 08 ]",10.17,Commoner,265
Human: ,Female,16,128,72,Neutral Good,"[ 11, 14, 11, 12, 11, 14 ]",12.17,Elite,109
Dwarf: ,Male,78,155,45,Lawful Evil,"[ 09, 08, 07, 09, 08, 11 ]",8.67,Commoner,413
Dwarf: ,Female,66,129,49,Neutral Evil,"[ 08, 11, 09, 03, 11, 11 ]",8.83,Commoner,257
Dwarf: ,Female,73,133,42,Chaotic Neutral,"[ 13, 06, 10, 06, 05, 12 ]",8.67,Commoner,344
Gnome: ,Female,76,78,42,Chaotic Good,"[ 12, 14, 10, 12, 12, 10 ]",11.67,Elite,367
Dwarf: ,Male,71,154,49,Neutral Evil,"[ 10, 10, 14, 08, 13, 05 ]",10.0,Commoner,369
Dwarf: ,Male,68,147,46,True Neutral,"[ 11, 14, 04, 13, 05, 09 ]",9.33,Commoner,320
Dwarf: ,Male,73,147,46,Chaotic Good,"[ 14, 10, 07, 12, 07, 12 ]",10.33,Commoner,312
Dwarf: ,Female,62,135,48,Chaotic Good,"[ 09, 06, 14, 12, 09, 12 ]",10.33,Commoner,346
Dwarf: ,Male,68,152,53,Lawful Evil,"[ 12, 06, 09, 12, 10, 08 ]",9.5,Commoner,351
Elf: ,Female,116,85,54,Lawful Evil,"[ 05, 14, 03, 17, 13, 18 ]",11.67,Elite,439
Dwarf: ,Male,57,158,44,Chaotic Evil,"[ 11, 13, 10, 09, 11, 11 ]",10.83,Commoner,378
Dwarf: ,Female,68,123,42,True Neutral,"[ 12, 08, 12, 13, 11, 09 ]",10.83,Commoner,378
Dwarf: ,Male,76,156,44,Lawful Evil,"[ 09, 14, 08, 08, 11, 09 ]",9.83,Commoner,421
Dwarf: ,Male,67,151,53,Chaotic Good,"[ 07, 09, 06, 11, 12, 03 ]",8.0,Commoner,317
Dwarf: ,Male,75,160,44,Lawful Evil,"[ 06, 09, 05, 08, 06, 10 ]",7.33,Commoner,372
Dwarf: ,Male,64,155,47,Lawful Neutral,"[ 10, 07, 12, 10, 11, 08 ]",9.67,Commoner,326
Dwarf: ,Male,70,150,45,Chaotic Neutral,"[ 10, 09, 07, 08, 12, 09 ]",9.17,Commoner,395
Dwarf: ,Female,56,127,48,Lawful Good,"[ 07, 12, 11, 11, 12, 11 ]",10.67,Commoner,425
Dwarf: ,Male,67,154,44,True Neutral,"[ 10, 09, 12, 04, 14, 09 ]",9.67,Commoner,314
Dwarf: ,Female,69,126,43,Chaotic Good,"[ 11, 07, 08, 09, 13, 08 ]",9.33,Commoner,292
Dwarf: ,Female,77,133,49,Chaotic Good,"[ 17, 12, 11, 12, 09, 08 ]",11.5,Elite,280
Dwarf: ,Female,69,131,44,Neutral Evil,"[ 15, 12, 12, 13, 04, 10 ]",11.0,Commoner,447
Dwarf: ,Female,60,134,46,Chaotic Evil,"[ 10, 10, 07, 07, 05, 09 ]",8.0,Commoner,361
Dwarf: ,Male,60,158,46,Lawful Evil,"[ 11, 05, 07, 10, 07, 12 ]",8.67,Commoner,291
Dwarf: ,Male,58,151,51,Neutral Good,"[ 09, 08, 13, 07, 12, 15 ]",10.67,Commoner,391
Dwarf: ,Female,64,119,48,True Neutral,"[ 09, 10, 08, 09, 04, 05 ]",7.5,Commoner,374
Dwarf: ,Female,78,126,45,Neutral Good,"[ 13, 10, 11, 13, 06, 10 ]",10.5,Commoner,341
Dwarf: ,Male,77,150,49,Chaotic Good,"[ 09, 11, 09, 09, 08, 15 ]",10.17,Commoner,417
Dwarf: ,Female,65,128,45,Lawful Evil,"[ 09, 06, 09, 06, 07, 10 ]",7.83,Commoner,398
Dwarf: ,Female,55,113,46,Chaotic Good,"[ 10, 08, 09, 08, 12, 06 ]",8.83,Commoner,368
Dwarf: ,Male,74,154,47,Lawful Good,"[ 12, 07, 08, 10, 11, 13 ]",10.17,Commoner,368
Dwarf: ,Male,65,147,46,Chaotic Good,"[ 06, 06, 14, 05, 12, 09 ]",8.67,Commoner,386
Dwarf: ,Female,66,128,49,Chaotic Evil,"[ 10, 06, 13, 11, 13, 14 ]",11.17,Commoner,259
Dwarf: ,Female,52,132,44,Chaotic Neutral,"[ 10, 09, 07, 09, 08, 08 ]",8.5,Commoner,318
Gnome: ,Male,71,84,44,Chaotic Good,"[ 06, 18, 17, 13, 12, 04 ]",11.67,Elite,383
Dwarf: ,Female,65,130,49,Chaotic Good,"[ 08, 09, 12, 12, 08, 12 ]",10.17,Commoner,428
Dwarf: ,Female,61,130,51,Lawful Neutral,"[ 10, 05, 08, 13, 11, 14 ]",10.17,Commoner,322
Dwarf: ,Male,68,151,48,True Neutral,"[ 12, 11, 09, 13, 18, 06 ]",11.5,Elite,386
Dwarf: ,Female,71,119,51,Neutral Good,"[ 10, 08, 09, 14, 07, 03 ]",8.5,Commoner,331
Dwarf: ,Female,63,124,44,Chaotic Good,"[ 11, 11, 06, 13, 09, 10 ]",10.0,Commoner,389
Dwarf: ,Male,62,151,47,Chaotic Good,"[ 09, 08, 09, 15, 10, 13 ]",10.67,Commoner,348
Dwarf: ,Female,64,128,43,Lawful Evil,"[ 05, 08, 09, 14, 11, 12 ]",9.83,Commoner,356
Dwarf: ,Female,73,133,50,True Neutral,"[ 09, 12, 09, 10, 08, 11 ]",9.83,Commoner,380
Dwarf: ,Male,68,149,48,Neutral Good,"[ 04, 10, 08, 07, 11, 06 ]",7.67,Commoner,358
Dwarf: ,Female,64,129,47,Lawful Evil,"[ 07, 06, 08, 14, 09, 07 ]",8.5,Commoner,326
Dwarf: ,Female,67,132,46,Lawful Neutral,"[ 12, 09, 12, 05, 08, 14 ]",10.0,Commoner,413
Dwarf: ,Female,59,129,47,Lawful Good,"[ 07, 09, 11, 09, 08, 12 ]",9.33,Commoner,432
Dwarf: ,Male,64,160,44,Lawful Neutral,"[ 08, 13, 08, 14, 05, 08 ]",9.33,Commoner,408
Dwarf: ,Male,71,157,44,Neutral Evil,"[ 10, 06, 09, 09, 11, 14 ]",9.83,Commoner,308
Dwarf: ,Male,75,147,53,True Neutral,"[ 13, 10, 08, 05, 05, 11 ]",8.67,Commoner,296
Dwarf: ,Female,75,127,51,Lawful Neutral,"[ 10, 12, 09, 08, 11, 09 ]",9.83,Commoner,397
Dwarf: ,Male,73,144,51,Chaotic Good,"[ 04, 13, 09, 07, 09, 05 ]",7.83,Commoner,356
Dwarf: ,Female,67,127,43,Neutral Evil,"[ 04, 07, 09, 11, 11, 05 ]",7.83,Commoner,353
Dwarf: ,Female,62,123,49,Neutral Good,"[ 09, 05, 05, 09, 10, 05 ]",7.17,Commoner,357
Dwarf: ,Male,72,156,52,Lawful Neutral,"[ 10, 04, 09, 12, 06, 06 ]",7.83,Commoner,340
Dwarf: ,Female,67,122,46,Chaotic Evil,"[ 10, 08, 07, 10, 10, 09 ]",9.0,Commoner,337
Dwarf: ,Female,71,124,49,True Neutral,"[ 14, 15, 11, 11, 12, 09 ]",12.0,Elite,381
Half-Elf: ,Male,20,129,69,Neutral Evil,"[ 10, 14, 13, 10, 11, 14 ]",12.0,Elite,163
Dwarf: ,Male,59,153,53,Neutral Evil,"[ 11, 10, 10, 09, 11, 11 ]",10.33,Commoner,305
Dwarf: ,Female,71,133,51,Chaotic Good,"[ 08, 08, 06, 18, 10, 12 ]",10.33,Commoner,354
Dwarf: ,Female,53,123,46,Neutral Evil,"[ 08, 09, 10, 11, 12, 13 ]",10.5,Commoner,332
Dwarf: ,Female,72,127,42,Neutral Good,"[ 14, 15, 10, 14, 13, 08 ]",12.33,Elite,368
Dwarf: ,Male,70,151,52,Lawful Evil,"[ 07, 12, 05, 18, 14, 11 ]",11.17,Commoner,386
Dwarf: ,Female,60,125,42,Chaotic Good,"[ 06, 09, 10, 08, 10, 09 ]",8.67,Commoner,424
Dwarf: ,Male,53,142,48,True Neutral,"[ 07, 08, 10, 09, 11, 11 ]",9.33,Commoner,332
Dwarf: ,Female,73,125,43,Neutral Evil,"[ 07, 12, 11, 10, 11, 09 ]",10.0,Commoner,421
Dwarf: ,Male,71,151,53,Neutral Evil,"[ 11, 10, 10, 13, 12, 10 ]",11.0,Commoner,307
Dwarf: ,Female,78,134,45,Neutral Good,"[ 11, 12, 13, 07, 08, 07 ]",9.67,Commoner,318
Dwarf: ,Male,70,149,48,Lawful Neutral,"[ 06, 10, 09, 04, 11, 05 ]",7.5,Commoner,341
Dwarf: ,Male,76,151,48,Chaotic Evil,"[ 10, 08, 11, 12, 12, 06 ]",9.83,Commoner,340
Dwarf: ,Male,67,150,51,Lawful Neutral,"[ 07, 07, 13, 09, 12, 10 ]",9.67,Commoner,316
Dwarf: ,Male,61,157,47,Neutral Evil,"[ 13, 09, 09, 07, 14, 04 ]",9.33,Commoner,303
Dwarf: ,Male,61,150,53,Chaotic Good,"[ 07, 07, 10, 13, 11, 09 ]",9.5,Commoner,340
Dwarf: ,Male,64,148,50,Lawful Evil,"[ 06, 07, 13, 12, 15, 10 ]",10.5,Commoner,354
Dwarf: ,Female,65,134,51,Chaotic Evil,"[ 07, 05, 10, 08, 10, 08 ]",8.0,Commoner,354
Dwarf: ,Male,80,161,44,Neutral Good,"[ 09, 09, 13, 14, 05, 03 ]",8.83,Commoner,384
Human: ,Male,19,158,76,Chaotic Neutral,"[ 10, 13, 12, 08, 11, 17 ]",11.83,Elite,113
Dwarf: ,Male,68,141,51,Chaotic Good,"[ 05, 09, 06, 10, 07, 06 ]",7.17,Commoner,306
Dwarf: ,Female,76,127,49,True Neutral,"[ 08, 09, 09, 07, 11, 04 ]",8.0,Commoner,422
Dwarf: ,Male,66,152,44,Lawful Neutral,"[ 04, 06, 12, 12, 11, 10 ]",9.17,Commoner,406
Dwarf: ,Male,64,150,48,Neutral Evil,"[ 11, 04, 10, 12, 07, 09 ]",8.83,Commoner,376
Halfling: ,Female,26,63,39,Chaotic Evil,"[ 13, 13, 16, 14, 16, 11 ]",13.83,Adventurer,126
Dwarf: ,Female,61,130,44,Chaotic Evil,"[ 12, 13, 07, 09, 11, 08 ]",10.0,Commoner,380
Dwarf: ,Male,74,154,52,Neutral Evil,"[ 12, 11, 08, 16, 13, 09 ]",11.5,Elite,356
Dwarf: ,Male,76,147,49,Chaotic Good,"[ 09, 09, 10, 08, 12, 12 ]",10.0,Commoner,318
Half-Elf: ,Male,18,124,69,Lawful Good,"[ 15, 12, 14, 09, 12, 13 ]",12.5,Elite,151
Dwarf: ,Male,68,154,50,Chaotic Neutral,"[ 09, 05, 07, 06, 08, 07 ]",7.0,Commoner,266
Dwarf: ,Male,66,152,45,Neutral Good,"[ 09, 09, 06, 13, 09, 12 ]",9.67,Commoner,376
Dwarf: ,Female,58,131,51,Lawful Neutral,"[ 11, 06, 09, 12, 10, 05 ]",8.83,Commoner,398
Dwarf: ,Male,69,162,49,Lawful Evil,"[ 05, 11, 12, 16, 10, 05 ]",9.83,Commoner,412
Dwarf: ,Female,77,130,47,Neutral Evil,"[ 04, 09, 09, 08, 09, 08 ]",7.83,Commoner,355
Dwarf: ,Male,62,150,48,Chaotic Good,"[ 09, 07, 05, 05, 13, 09 ]",8.0,Commoner,396
Dwarf: ,Female,79,125,47,Lawful Evil,"[ 11, 07, 08, 14, 10, 09 ]",9.83,Commoner,429
Dwarf: ,Female,56,127,47,Chaotic Good,"[ 09, 07, 04, 10, 08, 11 ]",8.17,Commoner,324
Dwarf: ,Male,71,150,45,Chaotic Neutral,"[ 12, 08, 08, 10, 10, 08 ]",9.33,Commoner,350
Dwarf: ,Male,72,158,47,Chaotic Good,"[ 08, 08, 11, 13, 08, 14 ]",10.33,Commoner,364
Dwarf: ,Female,68,118,42,Neutral Good,"[ 05, 08, 09, 13, 13, 07 ]",9.17,Commoner,333
Dwarf: ,Male,74,150,44,Lawful Neutral,"[ 04, 11, 06, 09, 10, 10 ]",8.33,Commoner,322
Dwarf: ,Male,63,154,50,Neutral Good,"[ 08, 09, 07, 08, 07, 12 ]",8.5,Commoner,405
Dwarf: ,Male,72,151,44,Lawful Evil,"[ 12, 08, 10, 08, 10, 07 ]",9.17,Commoner,369
Dwarf: ,Female,67,128,44,Neutral Evil,"[ 07, 04, 04, 08, 09, 08 ]",6.67,Commoner,411
Dwarf: ,Female,63,116,46,Chaotic Good,"[ 09, 09, 11, 10, 09, 10 ]",9.67,Commoner,333
Dwarf: ,Female,76,124,49,Chaotic Neutral,"[ 09, 10, 11, 12, 11, 11 ]",10.67,Commoner,276
Dwarf: ,Female,76,128,50,Chaotic Evil,"[ 15, 13, 11, 11, 11, 07 ]",11.33,Elite,398
Dwarf: ,Female,57,125,48,Chaotic Evil,"[ 06, 07, 11, 07, 08, 16 ]",9.17,Commoner,359
Dwarf: ,Male,63,168,49,Neutral Good,"[ 11, 10, 10, 11, 13, 03 ]",9.67,Commoner,363
Dwarf: ,Female,60,133,51,Chaotic Neutral,"[ 10, 09, 07, 09, 11, 07 ]",8.83,Commoner,364
Elf: ,Male,114,105,61,Lawful Neutral,"[ 07, 14, 08, 14, 15, 12 ]",11.67,Elite,418
Dwarf: ,Female,66,133,45,Chaotic Good,"[ 08, 09, 07, 06, 11, 06 ]",7.83,Commoner,387
Dwarf: ,Male,56,156,52,Neutral Good,"[ 09, 05, 11, 10, 07, 06 ]",8.0,Commoner,443
Dwarf: ,Male,70,157,46,Neutral Good,"[ 07, 08, 09, 09, 04, 06 ]",7.17,Commoner,293
Dwarf: ,Female,58,126,47,Chaotic Neutral,"[ 10, 12, 15, 08, 09, 07 ]",10.17,Commoner,338
Dwarf: ,Male,63,161,53,Lawful Evil,"[ 09, 11, 14, 09, 09, 11 ]",10.5,Commoner,260
Dwarf: ,Female,66,131,48,Chaotic Evil,"[ 09, 09, 06, 07, 10, 10 ]",8.5,Commoner,354
Dwarf: ,Female,67,122,43,Neutral Good,"[ 05, 12, 12, 07, 11, 06 ]",8.83,Commoner,365
Dwarf: ,Female,72,119,42,Chaotic Evil,"[ 07, 10, 09, 08, 08, 07 ]",8.17,Commoner,373
Dwarf: ,Female,49,129,42,Neutral Good,"[ 14, 05, 08, 09, 11, 10 ]",9.5,Commoner,371
Halfling: ,Female,26,61,39,Chaotic Evil,"[ 13, 10, 15, 11, 11, 12 ]",12.0,Elite,115
Dwarf: ,Male,72,151,49,Chaotic Good,"[ 06, 11, 07, 11, 06, 10 ]",8.5,Commoner,286
Dwarf: ,Female,76,131,49,True Neutral,"[ 07, 08, 13, 09, 04, 09 ]",8.33,Commoner,390
Dwarf: ,Male,62,151,52,Neutral Evil,"[ 11, 10, 12, 10, 13, 07 ]",10.5,Commoner,282
Dwarf: ,Male,64,154,52,Chaotic Evil,"[ 12, 07, 09, 11, 08, 05 ]",8.67,Commoner,276
Dwarf: ,Female,67,129,44,Chaotic Neutral,"[ 09, 11, 09, 13, 09, 14 ]",10.83,Commoner,377
Half-Elf: ,Female,20,106,65,Lawful Good,"[ 10, 11, 13, 13, 13, 12 ]",12.0,Elite,159
Dwarf: ,Male,56,153,45,Chaotic Evil,"[ 09, 14, 11, 12, 15, 08 ]",11.5,Elite,363
Dwarf: ,Male,66,160,50,Neutral Evil,"[ 13, 09, 09, 05, 08, 11 ]",9.17,Commoner,341
Dwarf: ,Female,76,131,47,Neutral Good,"[ 11, 09, 11, 05, 13, 11 ]",10.0,Commoner,320
Dwarf: ,Male,70,138,51,Neutral Good,"[ 09, 08, 06, 10, 12, 07 ]",8.67,Commoner,341
Dwarf: ,Female,55,132,50,Lawful Good,"[ 06, 10, 12, 11, 06, 07 ]",8.67,Commoner,382
Dwarf: ,Male,67,158,48,Lawful Evil,"[ 11, 05, 08, 07, 07, 09 ]",7.83,Commoner,385
Dwarf: ,Female,68,120,43,Chaotic Neutral,"[ 08, 10, 14, 07, 09, 11 ]",9.83,Commoner,317
Dwarf: ,Female,75,131,50,Lawful Evil,"[ 08, 10, 08, 07, 03, 09 ]",7.5,Commoner,341
Dwarf: ,Male,75,139,50,Chaotic Neutral,"[ 09, 13, 04, 13, 06, 12 ]",9.5,Commoner,362
Dwarf: ,Male,56,153,44,Neutral Evil,"[ 09, 07, 10, 11, 08, 07 ]",8.67,Commoner,372
Dwarf: ,Male,66,149,53,Chaotic Neutral,"[ 05, 09, 14, 10, 09, 14 ]",10.17,Commoner,360
Dwarf: ,Male,66,154,45,Neutral Evil,"[ 09, 09, 07, 13, 10, 14 ]",10.33,Commoner,331
Dwarf: ,Male,70,150,52,Neutral Good,"[ 09, 12, 07, 10, 08, 08 ]",9.0,Commoner,345
Dwarf: ,Female,59,129,46,Chaotic Good,"[ 15, 10, 09, 10, 12, 07 ]",10.5,Commoner,269
Dwarf: ,Male,67,144,46,True Neutral,"[ 07, 16, 06, 13, 08, 14 ]",10.67,Commoner,319
Dwarf: ,Male,70,147,52,Neutral Evil,"[ 07, 06, 12, 06, 09, 09 ]",8.17,Commoner,312
Dwarf: ,Male,65,149,46,Lawful Evil,"[ 03, 08, 08, 06, 09, 03 ]",6.17,Commoner,301
Dwarf: ,Female,71,129,43,Chaotic Neutral,"[ 11, 07, 09, 08, 06, 09 ]",8.33,Commoner,411
Dwarf: ,Female,59,133,42,Lawful Good,"[ 09, 13, 11, 08, 08, 09 ]",9.67,Commoner,384
Dwarf: ,Male,64,147,52,Lawful Good,"[ 11, 12, 11, 13, 12, 09 ]",11.33,Elite,310
Dwarf: ,Male,64,158,51,True Neutral,"[ 08, 09, 10, 10, 08, 11 ]",9.33,Commoner,409
Half-Elf: ,Female,18,105,64,Lawful Evil,"[ 15, 10, 09, 16, 12, 09 ]",11.83,Elite,162
Dwarf: ,Male,67,158,53,Lawful Neutral,"[ 10, 07, 13, 07, 10, 13 ]",10.0,Commoner,424
Dwarf: ,Male,63,148,53,Neutral Good,"[ 05, 08, 06, 11, 03, 12 ]",7.5,Commoner,440
Dwarf: ,Female,68,130,48,True Neutral,"[ 09, 08, 06, 08, 05, 09 ]",7.5,Commoner,346
Dwarf: ,Male,77,157,46,Lawful Good,"[ 09, 11, 12, 07, 12, 08 ]",9.83,Commoner,319
Dwarf: ,Male,66,152,52,Lawful Evil,"[ 05, 05, 10, 14, 08, 15 ]",9.5,Commoner,329
Dwarf: ,Male,70,151,46,Lawful Neutral,"[ 12, 07, 03, 10, 11, 08 ]",8.5,Commoner,373
Dwarf: ,Male,66,146,48,Neutral Good,"[ 12, 08, 08, 09, 08, 05 ]",8.33,Commoner,375
Dwarf: ,Female,61,121,47,Chaotic Good,"[ 11, 08, 11, 08, 08, 11 ]",9.5,Commoner,318
Dwarf: ,Male,72,146,44,Neutral Evil,"[ 07, 04, 08, 11, 10, 14 ]",9.0,Commoner,288
Dwarf: ,Female,61,133,50,Lawful Neutral,"[ 12, 15, 04, 08, 11, 11 ]",10.17,Commoner,319
Dwarf: ,Female,62,121,50,Chaotic Evil,"[ 07, 11, 10, 10, 11, 13 ]",10.33,Commoner,391
Dwarf: ,Female,66,133,43,Chaotic Evil,"[ 05, 09, 09, 07, 10, 11 ]",8.5,Commoner,371
Dwarf: ,Female,58,124,42,True Neutral,"[ 14, 09, 11, 10, 12, 12 ]",11.33,Elite,360
Dwarf: ,Male,66,161,48,Lawful Evil,"[ 11, 09, 09, 09, 07, 11 ]",9.33,Commoner,277
Dwarf: ,Female,65,129,50,Neutral Evil,"[ 08, 04, 10, 08, 12, 09 ]",8.5,Commoner,357
Dwarf: ,Female,62,133,49,Chaotic Good,"[ 11, 11, 10, 10, 09, 07 ]",9.67,Commoner,322
Dwarf: ,Male,75,157,50,Lawful Neutral,"[ 13, 10, 09, 08, 09, 08 ]",9.5,Commoner,299
Dwarf: ,Female,69,129,45,Chaotic Good,"[ 11, 06, 04, 17, 09, 16 ]",10.5,Commoner,297
Dwarf: ,Male,72,157,48,True Neutral,"[ 07, 09, 11, 06, 12, 11 ]",9.33,Commoner,382
Dwarf: ,Male,61,153,49,Neutral Evil,"[ 07, 14, 06, 10, 03, 09 ]",8.17,Commoner,346
Dwarf: ,Female,70,125,48,Chaotic Neutral,"[ 11, 12, 08, 13, 07, 05 ]",9.33,Commoner,311
Dwarf: ,Male,62,150,51,Neutral Evil,"[ 14, 13, 07, 11, 12, 07 ]",10.67,Commoner,273
Dwarf: ,Male,67,157,45,Chaotic Good,"[ 13, 11, 14, 12, 07, 12 ]",11.5,Elite,379
Dwarf: ,Female,73,136,45,Lawful Neutral,"[ 09, 08, 10, 06, 04, 06 ]",7.17,Commoner,328
Dwarf: ,Male,75,154,49,Chaotic Evil,"[ 12, 11, 06, 14, 12, 09 ]",10.67,Commoner,308
Dwarf: ,Male,62,154,46,Chaotic Good,"[ 12, 12, 14, 05, 09, 08 ]",10.0,Commoner,296
Dwarf: ,Male,70,143,44,Chaotic Good,"[ 14, 07, 04, 11, 07, 08 ]",8.5,Commoner,352
Dwarf: ,Male,67,148,47,True Neutral,"[ 07, 09, 07, 10, 10, 08 ]",8.5,Commoner,362
Dwarf: ,Female,62,124,48,Chaotic Neutral,"[ 08, 10, 09, 05, 15, 10 ]",9.5,Commoner,339
Dwarf: ,Female,63,137,45,True Neutral,"[ 12, 10, 09, 10, 07, 08 ]",9.33,Commoner,360
Dwarf: ,Male,72,149,47,Chaotic Evil,"[ 15, 08, 06, 11, 10, 11 ]",10.17,Commoner,355
Dwarf: ,Female,57,138,47,Neutral Good,"[ 04, 10, 06, 09, 13, 08 ]",8.33,Commoner,382
Dwarf: ,Female,71,128,51,Lawful Good,"[ 09, 11, 10, 14, 10, 09 ]",10.5,Commoner,367
Dwarf: ,Male,60,150,51,Neutral Good,"[ 06, 11, 12, 15, 09, 07 ]",10.0,Commoner,348
Dwarf: ,Male,52,151,48,Neutral Evil,"[ 04, 08, 09, 09, 08, 13 ]",8.5,Commoner,296
Gnome: ,Male,79,82,41,Chaotic Neutral,"[ 11, 10, 10, 16, 11, 14 ]",12.0,Elite,268
Dwarf: ,Male,63,148,44,Chaotic Evil,"[ 09, 08, 08, 10, 09, 08 ]",8.67,Commoner,371
Dwarf: ,Male,66,152,52,Lawful Neutral,"[ 08, 06, 08, 15, 03, 10 ]",8.33,Commoner,337
Dwarf: ,Female,67,129,44,Lawful Evil,"[ 09, 07, 05, 10, 08, 06 ]",7.5,Commoner,383
Dwarf: ,Female,74,115,51,Neutral Good,"[ 08, 09, 09, 07, 04, 13 ]",8.33,Commoner,347
Gnome: ,Female,75,80,40,Neutral Evil,"[ 08, 11, 17, 14, 07, 15 ]",12.0,Elite,401
Dwarf: ,Male,66,156,50,Neutral Good,"[ 11, 08, 03, 05, 08, 08 ]",7.17,Commoner,407
Dwarf: ,Male,65,150,48,Chaotic Evil,"[ 09, 10, 05, 09, 07, 09 ]",8.17,Commoner,402
Dwarf: ,Female,58,130,46,Chaotic Evil,"[ 04, 07, 03, 08, 08, 07 ]",6.17,Commoner,357
Dwarf: ,Female,70,121,49,Lawful Neutral,"[ 10, 13, 11, 09, 11, 12 ]",11.0,Commoner,279
Dwarf: ,Male,72,145,46,Lawful Evil,"[ 14, 05, 06, 10, 12, 15 ]",10.33,Commoner,339
Dwarf: ,Female,70,118,44,Chaotic Evil,"[ 08, 08, 09, 11, 08, 07 ]",8.5,Commoner,400
Dwarf: ,Female,71,124,43,Chaotic Good,"[ 11, 13, 05, 12, 11, 08 ]",10.0,Commoner,340
Dwarf: ,Male,70,147,46,Neutral Good,"[ 12, 09, 09, 06, 06, 10 ]",8.67,Commoner,366
Dwarf: ,Male,70,155,45,Neutral Evil,"[ 15, 12, 05, 08, 05, 11 ]",9.33,Commoner,375
Dwarf: ,Male,68,156,49,True Neutral,"[ 12, 08, 10, 10, 08, 13 ]",10.17,Commoner,382
Dwarf: ,Female,71,124,47,Chaotic Evil,"[ 05, 08, 07, 10, 07, 10 ]",7.83,Commoner,413
Dwarf: ,Male,57,148,53,True Neutral,"[ 14, 10, 15, 08, 13, 08 ]",11.33,Elite,429
Dwarf: ,Male,61,145,48,Chaotic Evil,"[ 10, 14, 08, 11, 11, 09 ]",10.5,Commoner,372
Dwarf: ,Female,67,128,51,Chaotic Neutral,"[ 06, 09, 06, 08, 10, 10 ]",8.17,Commoner,362
Dwarf: ,Female,60,127,43,Chaotic Good,"[ 06, 09, 13, 10, 08, 06 ]",8.67,Commoner,374
Dwarf: ,Male,67,162,52,Neutral Good,"[ 10, 09, 11, 10, 10, 08 ]",9.67,Commoner,401
Dwarf: ,Male,63,146,45,Chaotic Good,"[ 11, 11, 08, 14, 11, 08 ]",10.5,Commoner,418
Dwarf: ,Female,61,119,49,Neutral Evil,"[ 08, 06, 10, 11, 08, 09 ]",8.67,Commoner,329
Dwarf: ,Male,76,154,49,Lawful Evil,"[ 10, 13, 09, 08, 06, 05 ]",8.5,Commoner,348
Dwarf: ,Male,60,153,53,Neutral Good,"[ 07, 10, 08, 09, 11, 05 ]",8.33,Commoner,295
Dwarf: ,Female,72,129,48,True Neutral,"[ 08, 12, 08, 08, 13, 05 ]",9.0,Commoner,392
Half-Elf: ,Male,16,131,67,Chaotic Neutral,"[ 11, 13, 08, 15, 12, 14 ]",12.17,Elite,149
Dwarf: ,Male,65,143,51,Chaotic Neutral,"[ 13, 08, 10, 08, 08, 10 ]",9.5,Commoner,309
Dwarf: ,Female,70,131,51,Chaotic Good,"[ 11, 03, 10, 07, 09, 10 ]",8.33,Commoner,286
Dwarf: ,Female,65,143,42,Lawful Neutral,"[ 10, 10, 09, 13, 05, 06 ]",8.83,Commoner,332
Dwarf: ,Female,65,128,45,Lawful Evil,"[ 08, 06, 09, 11, 08, 11 ]",8.83,Commoner,368
Dwarf: ,Female,73,130,51,Lawful Good,"[ 11, 12, 10, 11, 03, 09 ]",9.33,Commoner,302
Dwarf: ,Male,69,154,53,Chaotic Good,"[ 07, 12, 10, 13, 09, 04 ]",9.17,Commoner,376
Dwarf: ,Female,59,136,44,Chaotic Evil,"[ 06, 11, 09, 11, 04, 09 ]",8.33,Commoner,382
Dwarf: ,Female,83,132,44,Neutral Good,"[ 13, 03, 17, 03, 07, 13 ]",9.33,Commoner,299
Dwarf: ,Male,76,165,45,Chaotic Good,"[ 06, 07, 09, 09, 09, 09 ]",8.17,Commoner,272
Dwarf: ,Female,60,120,49,Chaotic Good,"[ 10, 05, 06, 05, 15, 10 ]",8.5,Commoner,353
Dwarf: ,Male,60,155,46,Chaotic Evil,"[ 12, 11, 13, 06, 05, 12 ]",9.83,Commoner,302
Dwarf: ,Male,60,157,47,Chaotic Evil,"[ 05, 06, 11, 05, 09, 07 ]",7.17,Commoner,315
Dwarf: ,Male,61,144,44,Chaotic Evil,"[ 07, 11, 14, 10, 09, 11 ]",10.33,Commoner,263
Dwarf: ,Female,67,128,45,Chaotic Evil,"[ 12, 11, 11, 11, 17, 05 ]",11.17,Commoner,324
Dwarf: ,Male,59,150,49,Chaotic Good,"[ 09, 08, 06, 10, 11, 08 ]",8.67,Commoner,434
Dwarf: ,Male,69,151,44,Chaotic Neutral,"[ 08, 06, 06, 14, 11, 08 ]",8.83,Commoner,337
Dwarf: ,Female,64,136,46,Lawful Neutral,"[ 13, 11, 12, 09, 08, 09 ]",10.33,Commoner,285
Dwarf: ,Female,72,130,47,Neutral Evil,"[ 12, 11, 11, 08, 11, 14 ]",11.17,Commoner,329
Dwarf: ,Male,66,159,53,Chaotic Good,"[ 09, 10, 14, 14, 13, 08 ]",11.33,Elite,341
Dwarf: ,Male,71,153,45,Neutral Evil,"[ 08, 04, 08, 10, 05, 12 ]",7.83,Commoner,386
Dwarf: ,Female,63,135,46,Neutral Good,"[ 06, 09, 11, 11, 10, 10 ]",9.5,Commoner,338
Dwarf: ,Male,53,154,47,True Neutral,"[ 12, 11, 09, 12, 05, 11 ]",10.0,Commoner,338
Dwarf: ,Female,76,117,43,True Neutral,"[ 10, 11, 10, 09, 03, 08 ]",8.5,Commoner,379
Dwarf: ,Male,65,154,48,Chaotic Good,"[ 13, 08, 05, 08, 08, 07 ]",8.17,Commoner,387
Dwarf: ,Male,57,148,48,Chaotic Evil,"[ 09, 08, 13, 08, 06, 08 ]",8.67,Commoner,309
Dwarf: ,Female,69,120,43,Neutral Evil,"[ 06, 09, 06, 03, 10, 11 ]",7.5,Commoner,363
Dwarf: ,Female,65,132,45,Neutral Evil,"[ 05, 15, 10, 11, 09, 07 ]",9.5,Commoner,382
Dwarf: ,Male,60,153,46,Chaotic Evil,"[ 06, 13, 09, 09, 04, 11 ]",8.67,Commoner,328
Dwarf: ,Female,66,124,46,Chaotic Evil,"[ 13, 14, 10, 09, 10, 11 ]",11.17,Commoner,348
Dwarf: ,Male,72,151,47,Chaotic Evil,"[ 09, 12, 06, 14, 08, 11 ]",10.0,Commoner,361
Dwarf: ,Male,77,152,46,Chaotic Neutral,"[ 08, 12, 07, 11, 08, 13 ]",9.83,Commoner,410
Dwarf: ,Female,54,126,50,Chaotic Neutral,"[ 06, 07, 11, 10, 04, 11 ]",8.17,Commoner,385
Dwarf: ,Male,70,150,51,Lawful Evil,"[ 15, 12, 07, 10, 07, 06 ]",9.5,Commoner,295
Dwarf: ,Female,63,122,50,Neutral Evil,"[ 06, 08, 08, 06, 08, 07 ]",7.17,Commoner,335
Dwarf: ,Male,73,157,47,Lawful Good,"[ 12, 08, 06, 07, 11, 13 ]",9.5,Commoner,353
Dwarf: ,Male,68,152,50,Lawful Neutral,"[ 07, 15, 10, 12, 11, 11 ]",11.0,Commoner,293
